EmployeeKey,EmployeeNumber,DepartmentKey,JobRoleKey,EducationFieldKey,BusinessTravelKey,GenderKey,MaritalStatusKey,Age,DistanceFromHome,JobLevel,JobInvolvement,OverTime,NumCompaniesWorked,StockOptionLevel,DailyRate,HourlyRate,MonthlyRate,MonthlyIncome,PercentSalaryHike,EnvironmentSatisfaction,JobSatisfaction,RelationshipSatisfaction,PerformanceRating,WorkLifeBalance,TotalWorkingYears,TrainingTimesLastYear,YearsAtCompany,YearsInCurrentRole,YearsSinceLastPromotion,YearsWithCurrManager,Attrition,Education,EducationLevel,AgeGroup,SalaryBand,TensureGroup,Job Satisfaction Level
7,10,2,3,4,3,1,2,59,3,1,4,Yes,4,3,1324,81,9964,2670,20,3,1,1,4,2,12,3,1,0,0,0,No,3,Bachelor,56+,Low Salary,New Employee,Low
8,11,2,3,2,3,2,1,30,24,1,3,No,1,1,1358,67,13335,2693,22,4,3,2,4,3,1,2,1,0,0,0,No,1,Below College,26-35,Low Salary,New Employee,High
18,22,2,3,4,1,2,1,22,16,1,4,Yes,1,2,1123,96,7324,2935,13,4,4,2,3,2,1,2,1,0,0,0,No,2,College,18-25,Low Salary,New Employee,Very High
34,42,3,9,6,3,2,2,39,5,2,3,No,3,1,895,56,3335,2086,14,4,4,3,3,4,19,6,1,0,0,0,Yes,3,Bachelor,36-45,Low Salary,New Employee,Very High
41,53,2,3,5,3,2,1,35,4,1,3,No,1,1,464,75,10910,1951,12,3,4,3,3,3,1,3,1,0,0,0,No,2,College,26-35,Low Salary,New Employee,Very High
42,54,2,3,2,3,1,1,27,2,1,3,No,1,1,1240,33,19715,2341,13,4,1,4,3,3,1,6,1,0,0,0,No,4,Master,26-35,Low Salary,New Employee,Low
48,61,2,7,2,3,2,2,37,19,1,3,No,4,0,408,73,10227,3022,21,2,2,1,4,3,8,1,1,0,0,0,No,2,College,36-45,Meduim Salary,New Employee,Medium
51,64,2,3,2,3,2,3,48,1,3,2,Yes,9,0,626,98,19294,5381,13,1,3,4,3,3,23,2,1,0,0,0,Yes,2,College,46-55,Meduim Salary,New Employee,High
68,86,2,7,2,3,2,1,45,7,3,3,No,2,1,1339,59,18787,9724,17,2,1,3,3,3,25,2,1,0,0,0,No,3,Bachelor,36-45,High Salary,New Employee,Low
70,90,2,7,4,3,2,2,36,9,1,2,Yes,0,1,318,79,21777,3388,17,4,3,1,3,2,2,0,1,0,0,0,Yes,3,Bachelor,36-45,Meduim Salary,New Employee,High
75,97,2,3,2,3,1,2,36,6,1,4,No,3,0,132,55,22002,3038,12,2,4,2,3,3,5,3,1,0,0,0,No,3,Bachelor,36-45,Meduim Salary,New Employee,Very High
102,134,2,7,2,3,2,3,32,1,1,3,No,1,0,827,71,15178,2956,13,4,1,4,3,3,1,2,1,0,0,0,No,1,Below College,26-35,Low Salary,New Employee,Low
105,139,2,1,2,1,2,1,37,2,2,2,No,5,1,1040,100,15850,5163,14,3,4,4,3,4,17,2,1,0,0,0,No,2,College,36-45,Meduim Salary,New Employee,Very High
115,151,2,7,2,3,1,1,34,6,2,2,No,6,1,1031,45,15000,4505,15,3,2,3,3,3,12,3,1,0,0,0,No,4,Master,26-35,Meduim Salary,New Employee,Medium
119,155,2,3,2,3,1,1,36,3,1,3,No,5,1,922,39,2561,2835,22,1,4,1,4,3,7,2,1,0,0,0,No,2,College,36-45,Low Salary,New Employee,Very High
150,201,2,3,4,3,1,3,19,3,1,3,No,1,0,1181,79,16102,1483,14,2,2,4,3,3,1,3,1,0,0,0,No,1,Below College,18-25,Low Salary,New Employee,Medium
157,211,2,5,4,3,2,2,51,7,2,2,No,2,0,1169,34,13983,6132,17,2,3,3,3,3,10,2,1,0,0,0,No,4,Master,46-55,Meduim Salary,New Employee,High
158,214,2,7,4,3,1,2,58,9,1,2,Yes,4,1,1145,75,11873,3346,20,2,2,2,4,2,9,3,1,0,0,0,No,3,Bachelor,56+,Meduim Salary,New Employee,Medium
199,271,2,5,2,3,2,2,38,2,2,3,No,9,0,1261,88,7259,6553,14,4,3,2,3,3,14,3,1,0,0,0,No,4,Master,36-45,Meduim Salary,New Employee,High
205,282,2,1,4,3,2,2,38,29,2,3,Yes,7,0,1180,70,11354,6673,19,2,1,2,3,3,17,2,1,0,0,0,Yes,1,Below College,36-45,Meduim Salary,New Employee,Low
216,298,3,4,2,3,1,3,41,6,3,3,Yes,3,0,896,75,14674,13591,18,4,4,3,3,3,16,3,1,0,0,0,No,3,Bachelor,36-45,High Salary,New Employee,Very High
226,309,2,7,2,3,2,2,59,3,1,2,No,3,1,142,70,8456,2177,17,3,4,1,3,3,7,6,1,0,0,0,No,3,Bachelor,56+,Low Salary,New Employee,Very High
243,334,2,7,2,3,2,1,41,19,2,3,No,2,2,1411,36,19877,3072,16,3,1,1,3,2,17,2,1,0,0,0,No,2,College,36-45,Meduim Salary,New Employee,Low
251,342,2,5,4,2,2,1,37,10,3,3,No,6,2,504,61,22573,10048,11,1,3,2,3,3,17,5,1,0,0,0,Yes,3,Bachelor,36-45,High Salary,New Employee,High
259,353,2,7,2,3,2,2,51,1,1,3,No,1,0,833,96,23231,2723,11,3,4,2,3,2,1,0,1,0,0,0,No,3,Bachelor,46-55,Low Salary,New Employee,Very High
287,392,2,3,2,2,2,1,44,24,1,3,Yes,3,1,920,43,19920,3161,22,4,3,4,4,1,19,0,1,0,0,0,Yes,3,Bachelor,36-45,Meduim Salary,New Employee,High
299,407,2,3,2,2,2,2,36,18,1,4,No,4,2,566,81,7122,3688,18,3,4,4,3,3,4,2,1,0,0,0,No,4,Master,36-45,Meduim Salary,New Employee,Very High
328,445,3,8,4,3,1,2,39,3,2,3,Yes,4,0,1162,41,17778,5238,18,4,3,1,3,2,12,3,1,0,0,0,Yes,2,College,36-45,Meduim Salary,New Employee,High
334,451,2,1,2,3,1,2,43,7,3,3,No,8,1,1001,43,9262,9985,16,3,1,1,3,2,10,1,1,0,0,0,No,3,Bachelor,36-45,High Salary,New Employee,Low
349,468,2,6,2,3,1,3,42,23,4,3,No,2,0,810,44,15901,15992,14,1,4,2,3,3,16,2,1,0,0,0,No,5,Doctor,36-45,Very High Salary,New Employee,Very High
357,477,2,1,5,3,2,3,42,2,2,2,No,3,0,1332,98,17078,6781,23,1,4,2,4,3,14,6,1,0,0,0,No,4,Master,36-45,Meduim Salary,New Employee,Very High
359,479,3,8,4,1,1,3,36,1,2,3,No,4,0,845,45,15276,6653,15,4,4,2,3,3,7,6,1,0,0,0,No,5,Doctor,36-45,Meduim Salary,New Employee,Very High
364,485,3,9,3,3,1,3,33,5,1,3,Yes,1,0,350,34,9150,2851,13,4,3,2,3,3,1,2,1,0,0,0,Yes,3,Bachelor,26-35,Low Salary,New Employee,High
366,487,2,5,4,1,1,2,46,7,2,3,No,2,0,1144,30,16044,5258,14,3,3,3,3,4,7,2,1,0,0,0,No,4,Master,46-55,Meduim Salary,New Employee,High
371,494,3,9,2,3,1,3,21,12,1,4,No,1,0,156,90,25422,2716,15,3,2,4,3,3,1,0,1,0,0,0,Yes,3,Bachelor,18-25,Low Salary,New Employee,Medium
382,508,3,9,6,3,2,2,30,2,1,3,No,1,1,202,72,17434,2476,18,3,2,1,3,3,1,3,1,0,0,0,No,1,Below College,26-35,Low Salary,New Employee,Medium
386,514,2,7,6,2,2,3,30,4,1,3,Yes,9,0,464,40,3427,2285,23,3,4,3,4,3,3,4,1,0,0,0,Yes,3,Bachelor,26-35,Low Salary,New Employee,Very High
392,521,2,3,4,3,1,2,40,2,2,2,No,6,1,555,78,13436,3448,22,2,3,2,4,3,20,3,1,0,0,0,No,3,Bachelor,36-45,Meduim Salary,New Employee,High
417,556,2,3,2,2,2,2,38,2,1,3,Yes,1,1,1490,42,12106,1702,23,4,4,3,4,3,1,3,1,0,0,0,No,2,College,36-45,Low Salary,New Employee,Very High
423,566,1,2,6,3,2,3,19,2,1,2,No,1,0,489,52,18437,2564,12,1,4,3,3,4,1,3,1,0,0,0,Yes,2,College,18-25,Low Salary,New Employee,Very High
425,568,3,4,3,3,2,1,57,29,4,2,No,3,1,210,56,22102,14118,12,1,4,3,3,2,32,3,1,0,0,0,No,3,Bachelor,56+,High Salary,New Employee,Very High
432,578,2,3,2,3,1,3,54,8,2,3,No,7,0,548,42,23428,3780,11,3,3,3,3,3,19,3,1,0,0,0,No,4,Master,46-55,Meduim Salary,New Employee,High
440,587,2,1,2,2,2,2,31,20,3,3,No,3,0,534,66,22908,9824,12,1,3,1,3,3,12,2,1,0,0,0,Yes,3,Bachelor,26-35,High Salary,New Employee,High
464,622,2,3,6,3,2,3,26,24,1,1,Yes,1,0,471,66,23213,2340,18,3,4,2,3,1,1,3,1,0,0,0,Yes,3,Bachelor,26-35,Low Salary,New Employee,Very High
472,634,2,1,4,3,1,2,38,10,2,3,No,3,1,1495,76,22174,9824,19,3,3,3,3,3,18,4,1,0,0,0,No,3,Bachelor,36-45,High Salary,New Employee,High
477,643,2,3,5,3,2,2,24,17,1,2,No,1,1,823,94,9100,2127,21,4,2,4,4,3,1,2,1,0,0,0,No,2,College,18-25,Low Salary,New Employee,Medium
481,648,3,9,2,2,2,2,30,12,1,2,No,1,1,448,74,14470,2033,18,2,1,3,3,4,1,2,1,0,0,0,Yes,4,Master,26-35,Low Salary,New Employee,Low
488,657,2,7,2,3,1,3,20,1,1,2,No,1,0,959,83,11757,2836,13,4,2,4,3,4,1,0,1,0,0,0,No,3,Bachelor,18-25,Low Salary,New Employee,Medium
490,661,2,6,5,3,2,1,43,6,4,2,Yes,4,1,782,50,2671,16627,14,2,4,3,3,2,21,3,1,0,0,0,No,4,Master,36-45,Very High Salary,New Employee,Very High
502,680,2,7,4,2,1,1,30,3,1,3,No,1,1,160,71,22653,2083,20,3,3,3,4,3,1,2,1,0,0,0,No,3,Bachelor,26-35,Low Salary,New Employee,High
516,704,2,3,2,1,2,2,35,3,1,2,No,1,2,727,41,16900,1281,18,3,3,3,3,3,1,3,1,0,0,0,No,3,Bachelor,26-35,Low Salary,New Employee,High
523,715,2,7,2,3,2,3,37,10,1,4,No,3,0,1225,80,15232,4680,17,4,4,1,3,3,4,2,1,0,0,0,No,2,College,36-45,Meduim Salary,New Employee,Very High
543,743,2,5,2,3,1,3,38,1,3,3,Yes,4,0,168,81,15397,7861,14,3,3,4,3,4,10,4,1,0,0,0,No,3,Bachelor,36-45,High Salary,New Employee,High
547,749,3,9,2,3,2,3,29,10,1,3,No,1,0,1396,99,2755,2642,11,3,3,3,3,3,1,6,1,0,0,0,No,3,Bachelor,26-35,Low Salary,New Employee,High
558,771,2,1,2,1,1,1,35,2,2,3,No,2,1,1225,61,4761,5093,11,4,1,1,3,4,16,2,1,0,0,0,No,4,Master,26-35,Meduim Salary,New Employee,Low
587,812,2,3,2,1,2,1,24,9,1,2,No,1,3,1092,60,26551,2694,11,3,2,3,3,3,1,4,1,0,0,0,No,3,Bachelor,18-25,Low Salary,New Employee,Medium
590,816,2,3,2,3,1,2,29,1,1,2,Yes,1,1,805,36,6689,2319,11,2,1,4,3,3,1,1,1,0,0,0,Yes,2,College,26-35,Low Salary,New Employee,Low
602,832,2,3,4,2,2,3,40,16,2,2,No,6,0,720,51,11983,5094,14,1,3,4,3,3,10,6,1,0,0,0,No,4,Master,36-45,Meduim Salary,New Employee,High
604,834,2,7,2,3,1,3,45,2,1,2,No,1,0,252,95,6153,2274,14,2,3,4,3,3,1,3,1,0,0,0,No,3,Bachelor,36-45,Low Salary,New Employee,High
629,868,3,8,3,3,2,1,37,16,2,2,No,4,2,342,66,24558,6334,19,4,3,4,3,3,9,2,1,0,0,0,No,4,Master,36-45,Meduim Salary,New Employee,High
661,918,2,3,2,2,2,1,58,2,1,2,Yes,9,1,781,57,13384,2380,14,4,4,4,3,2,3,3,1,0,0,0,Yes,1,Below College,56+,Low Salary,New Employee,Very High
662,920,2,5,2,3,1,1,43,8,2,3,No,4,1,177,55,23814,4765,21,1,2,3,4,4,4,2,1,0,0,0,No,3,Bachelor,36-45,Meduim Salary,New Employee,Medium
664,923,2,7,5,3,1,3,21,18,1,3,No,1,0,1427,65,8870,2693,19,4,4,1,3,2,1,3,1,0,0,0,Yes,1,Below College,18-25,Low Salary,New Employee,Very High
684,952,3,9,3,3,2,2,25,19,1,2,Yes,1,3,867,36,18798,2413,18,3,2,3,3,3,1,2,1,0,0,0,Yes,2,College,18-25,Low Salary,New Employee,Medium
685,954,3,8,3,3,2,1,40,10,3,2,No,2,1,658,67,20652,9705,12,1,2,2,3,2,11,2,1,0,0,0,No,4,Master,36-45,High Salary,New Employee,Medium
689,959,3,9,5,3,2,3,19,21,1,2,Yes,1,0,419,37,9947,2121,13,4,2,2,3,4,1,3,1,0,0,0,Yes,3,Bachelor,18-25,Low Salary,New Employee,Medium
690,960,2,3,6,3,2,3,20,4,1,3,No,1,0,129,84,13008,2973,19,1,1,2,3,3,1,2,1,0,0,0,Yes,3,Bachelor,18-25,Low Salary,New Employee,Low
701,977,2,7,6,3,2,3,58,2,1,3,No,4,0,289,51,26227,2479,24,4,3,1,4,3,7,4,1,0,0,0,Yes,3,Bachelor,56+,Low Salary,New Employee,High
707,986,3,8,2,1,1,3,40,24,4,4,Yes,4,0,1479,100,17071,13194,16,2,2,4,3,2,22,2,1,0,0,0,Yes,3,Bachelor,36-45,High Salary,New Employee,Medium
732,1016,2,7,4,3,1,3,20,11,1,2,Yes,1,0,1097,98,18275,2600,15,4,1,1,3,3,1,2,1,0,0,0,Yes,3,Bachelor,18-25,Low Salary,New Employee,Low
742,1029,3,4,3,3,2,2,42,5,5,3,No,6,0,265,90,7770,18303,13,4,3,2,3,4,21,3,1,0,0,0,No,2,College,36-45,Very High Salary,New Employee,High
743,1030,2,3,2,3,2,2,50,9,1,3,No,4,0,804,64,20165,2380,18,1,4,2,3,3,8,5,1,0,0,0,No,3,Bachelor,46-55,Low Salary,New Employee,Very High
745,1033,2,1,4,3,1,2,37,11,2,1,No,5,0,1141,61,14382,4777,15,1,2,1,3,1,15,2,1,0,0,0,Yes,2,College,36-45,Meduim Salary,New Employee,Medium
748,1036,3,8,2,3,2,3,38,3,2,3,Yes,8,0,1035,42,4981,6861,12,2,4,3,3,3,19,1,1,0,0,0,No,4,Master,36-45,Meduim Salary,New Employee,Very High
762,1052,2,3,5,3,2,1,36,15,2,3,No,7,1,660,81,7858,4834,14,1,3,2,3,2,9,3,1,0,0,0,Yes,3,Bachelor,36-45,Meduim Salary,New Employee,High
765,1056,3,9,4,3,2,2,28,10,1,3,No,1,0,1144,74,23384,1052,22,4,2,2,4,3,1,5,1,0,0,0,No,1,Below College,26-35,Low Salary,New Employee,Medium
776,1076,3,8,4,3,2,1,43,25,3,2,No,5,1,415,79,5268,10798,13,3,4,3,3,3,18,5,1,0,0,0,No,3,Bachelor,36-45,High Salary,New Employee,Very High
796,1105,3,8,2,3,1,1,37,10,2,2,Yes,2,3,309,88,24223,6694,14,4,4,3,3,3,8,5,1,0,0,0,No,4,Master,36-45,Meduim Salary,New Employee,Very High
801,1111,2,3,4,2,2,1,28,1,1,2,No,1,2,1009,45,7160,2596,15,1,2,1,3,3,1,2,1,0,0,0,Yes,3,Bachelor,26-35,Low Salary,New Employee,Medium
812,1125,3,8,3,3,2,3,38,2,3,3,No,7,0,130,32,20619,7351,16,4,2,3,3,3,10,2,1,0,0,0,No,2,College,36-45,High Salary,New Employee,Medium
825,1148,2,3,4,3,2,3,42,29,2,1,No,4,0,188,56,9558,4272,19,2,4,1,3,3,16,3,1,0,0,0,No,3,Bachelor,36-45,Meduim Salary,New Employee,Very High
831,1158,2,3,2,3,2,2,41,12,1,3,Yes,3,1,167,46,9051,4766,11,2,4,1,3,3,6,4,1,0,0,0,No,4,Master,36-45,Meduim Salary,New Employee,Very High
851,1190,3,9,2,1,1,1,32,2,1,3,No,1,3,862,76,14947,2827,12,3,1,3,3,3,1,3,1,0,0,0,No,1,Below College,26-35,Low Salary,New Employee,Low
865,1210,2,7,2,1,2,1,41,5,1,2,No,6,1,906,95,20293,2107,17,1,1,1,3,1,5,2,1,0,0,0,Yes,2,College,36-45,Low Salary,New Employee,Low
872,1219,2,3,2,3,1,2,24,17,1,3,No,1,1,984,97,3372,2210,13,4,2,1,3,1,1,3,1,0,0,0,Yes,2,College,18-25,Low Salary,New Employee,Medium
888,1242,2,6,4,2,1,2,42,26,3,3,Yes,3,0,458,60,23281,13191,17,1,1,3,3,3,20,6,1,0,0,0,No,5,Doctor,36-45,High Salary,New Employee,Low
900,1256,2,4,4,3,2,2,49,4,5,2,No,2,1,1098,85,12124,18711,13,1,3,3,3,4,23,2,1,0,0,0,No,2,College,46-55,Very High Salary,New Employee,High
902,1258,2,3,6,3,2,3,48,2,1,4,No,5,0,969,76,16620,2559,11,4,2,3,3,2,7,4,1,0,0,0,No,2,College,46-55,Low Salary,New Employee,Medium
905,1263,2,6,2,3,2,3,48,1,5,2,No,6,0,715,76,8733,18265,12,4,4,3,3,4,25,3,1,0,0,0,No,3,Bachelor,46-55,Very High Salary,New Employee,Very High
907,1265,2,7,6,3,1,2,34,20,1,4,No,0,0,1320,89,21643,2585,17,3,3,4,3,2,2,5,1,0,0,0,No,3,Bachelor,26-35,Low Salary,New Employee,High
926,1292,2,7,4,3,1,2,42,7,2,4,Yes,6,0,603,78,5628,2372,16,2,2,4,3,3,18,2,1,0,0,0,No,4,Master,36-45,Low Salary,New Employee,Medium
971,1364,3,9,4,3,1,2,27,11,1,4,No,8,1,1291,98,6527,2534,14,3,4,2,3,3,5,4,1,0,0,0,No,3,Bachelor,26-35,Low Salary,New Employee,Very High
981,1379,3,9,2,2,1,3,31,2,1,2,No,7,0,703,90,11882,2785,14,3,4,3,3,4,3,3,1,0,0,0,Yes,3,Bachelor,26-35,Low Salary,New Employee,Very High
1013,1427,3,9,2,2,1,3,31,1,1,1,No,1,0,667,50,16154,1359,12,2,3,2,3,3,1,3,1,0,0,0,Yes,4,Master,26-35,Low Salary,New Employee,High
1017,1433,2,7,2,3,1,3,31,8,1,2,No,1,0,202,34,22262,1261,12,1,2,3,3,4,1,3,1,0,0,0,Yes,3,Bachelor,26-35,Low Salary,New Employee,Medium
1033,1458,2,3,2,1,1,3,39,2,1,2,Yes,2,0,592,54,17181,3646,23,1,1,2,4,4,11,2,1,0,0,0,Yes,3,Bachelor,36-45,Meduim Salary,New Employee,Low
1052,1481,3,8,3,2,1,2,44,1,2,3,No,7,1,383,79,9282,4768,12,1,3,3,3,2,11,4,1,0,0,0,No,5,Doctor,36-45,Meduim Salary,New Employee,High
1053,1482,2,7,6,1,2,1,30,7,1,3,No,1,2,990,64,7152,1274,13,3,3,2,3,2,1,2,1,0,0,0,No,3,Bachelor,26-35,Low Salary,New Employee,High
1060,1492,3,9,2,3,2,2,35,7,1,3,No,1,1,660,76,16192,2404,13,4,3,1,3,3,1,3,1,0,0,0,No,1,Below College,26-35,Low Salary,New Employee,High
1062,1495,3,9,2,1,1,2,24,13,1,3,No,1,1,830,78,7103,2033,13,4,2,3,3,3,1,2,1,0,0,0,No,2,College,18-25,Low Salary,New Employee,Medium
1070,1506,2,7,2,3,2,1,28,1,1,2,No,1,1,1423,72,12530,1563,14,1,3,4,3,1,1,2,1,0,0,0,No,3,Bachelor,26-35,Low Salary,New Employee,High
1089,1542,2,3,4,3,2,2,42,2,1,2,No,4,1,1210,68,24052,4841,14,3,2,2,3,3,4,3,1,0,0,0,No,3,Bachelor,36-45,Meduim Salary,New Employee,Medium
1105,1558,2,7,2,3,2,2,29,9,1,4,No,6,2,598,91,22376,2451,18,3,3,1,3,2,5,2,1,0,0,0,No,3,Bachelor,26-35,Low Salary,New Employee,High
1111,1569,2,3,2,3,1,1,35,2,1,3,Yes,1,1,104,69,26619,2074,12,1,1,4,3,3,1,2,1,0,0,0,Yes,3,Bachelor,26-35,Low Salary,New Employee,Low
1116,1577,2,7,4,3,2,3,34,7,1,3,No,1,0,479,35,22061,2972,13,1,4,3,3,1,1,4,1,0,0,0,No,4,Master,26-35,Low Salary,New Employee,Very High
1119,1581,2,7,2,3,1,2,26,3,1,3,No,1,0,474,89,11133,2061,21,1,4,1,4,3,1,5,1,0,0,0,No,3,Bachelor,26-35,Low Salary,New Employee,Very High
1122,1585,3,8,2,3,1,3,36,1,2,3,No,6,0,884,73,21447,6815,13,2,3,1,3,3,15,5,1,0,0,0,No,4,Master,36-45,Meduim Salary,New Employee,High
1127,1591,3,4,3,3,2,2,50,9,5,3,Yes,4,1,264,59,19519,19331,16,3,3,3,3,3,27,2,1,0,0,0,No,3,Bachelor,46-55,Very High Salary,New Employee,High
1206,1692,2,3,2,3,2,3,32,2,1,3,No,1,0,1259,95,24852,1393,12,4,2,1,3,3,1,2,1,0,0,0,Yes,4,Master,26-35,Low Salary,New Employee,Medium
1210,1697,2,1,4,3,2,1,60,1,3,1,No,3,1,370,92,20467,10883,20,3,4,3,4,4,19,2,1,0,0,0,No,4,Master,56+,High Salary,New Employee,Very High
1223,1714,1,2,1,3,2,2,24,22,1,1,No,1,1,240,58,11585,1555,11,4,3,3,3,3,1,2,1,0,0,0,Yes,1,Below College,18-25,Low Salary,New Employee,High
1230,1724,2,5,2,3,1,2,40,8,2,3,Yes,2,1,369,92,5041,6516,16,2,1,2,3,3,18,3,1,0,0,0,No,2,College,36-45,Meduim Salary,New Employee,Low
1235,1731,3,8,3,1,2,2,47,2,2,3,No,7,1,543,87,3536,4978,11,3,2,4,3,1,4,3,1,0,0,0,No,4,Master,46-55,Meduim Salary,New Employee,Medium
1258,1761,3,8,3,3,2,2,31,16,3,3,No,2,3,1079,70,19002,8161,13,1,3,1,3,3,10,2,1,0,0,0,Yes,4,Master,26-35,High Salary,New Employee,High
1259,1762,2,7,6,3,1,1,29,4,1,2,No,1,1,590,91,10007,2109,13,4,1,3,3,3,1,2,1,0,0,0,No,3,Bachelor,26-35,Low Salary,New Employee,Low
1263,1767,2,7,6,2,2,2,43,17,1,2,Yes,9,1,807,38,15587,2437,16,3,3,4,3,3,6,4,1,0,0,0,Yes,3,Bachelor,36-45,Low Salary,New Employee,High
1265,1770,2,6,4,3,2,2,55,2,5,2,No,8,3,478,60,19805,19038,12,3,1,2,3,3,34,2,1,0,0,0,No,3,Bachelor,46-55,Very High Salary,New Employee,Low
1274,1783,2,3,4,3,1,2,22,8,1,3,Yes,1,0,1294,79,15999,2398,17,3,1,3,3,3,1,6,1,0,0,0,Yes,1,Below College,18-25,Low Salary,New Employee,Low
1313,1842,1,2,1,3,2,2,31,18,1,4,No,0,0,359,89,21495,2956,17,4,1,3,3,3,2,4,1,0,0,0,Yes,5,Doctor,26-35,Low Salary,New Employee,Low
1316,1847,2,7,5,3,1,2,36,2,2,3,Yes,4,1,430,73,19573,6962,22,4,2,4,4,3,15,2,1,0,0,0,No,4,Master,36-45,Meduim Salary,New Employee,Medium
1330,1865,1,2,4,3,2,2,29,6,1,2,No,1,0,352,87,15434,2804,11,4,2,4,3,3,1,3,1,0,0,0,No,1,Below College,26-35,Low Salary,New Employee,Medium
1338,1875,3,9,4,3,1,2,28,3,1,3,No,1,1,1172,78,3692,2856,19,2,2,4,3,3,1,3,1,0,0,0,No,3,Bachelor,26-35,Low Salary,New Employee,Medium
1339,1876,3,9,4,3,2,3,30,9,1,3,No,1,0,945,89,16019,1081,13,2,4,3,3,2,1,3,1,0,0,0,Yes,3,Bachelor,26-35,Low Salary,New Employee,Very High
1340,1878,2,7,2,3,2,3,22,7,1,3,Yes,1,0,391,75,26092,2472,23,4,2,1,4,3,1,2,1,0,0,0,Yes,1,Below College,18-25,Low Salary,New Employee,Medium
1366,1928,3,9,6,2,2,3,29,24,1,4,No,1,0,746,45,10642,1091,17,3,1,4,3,3,1,3,1,0,0,0,Yes,3,Bachelor,26-35,Low Salary,New Employee,Low
1375,1938,3,4,2,3,1,2,58,21,4,3,Yes,4,1,605,72,11761,17875,13,4,4,3,3,2,29,2,1,0,0,0,No,3,Bachelor,56+,Very High Salary,New Employee,Very High
1380,1944,1,2,1,2,1,2,27,22,1,2,No,1,0,1337,58,19555,2863,12,1,2,1,3,3,1,2,1,0,0,0,Yes,3,Bachelor,26-35,Low Salary,New Employee,Medium
1392,1961,3,9,2,3,2,3,38,1,1,2,No,4,0,1404,59,11473,2858,14,1,1,1,3,2,20,3,1,0,0,0,No,3,Bachelor,36-45,Low Salary,New Employee,Low
1395,1966,2,5,2,3,2,3,32,5,2,2,No,8,0,1373,56,10138,9679,24,4,4,2,4,3,8,1,1,0,0,0,No,4,Master,26-35,High Salary,New Employee,Very High
1403,1974,2,3,4,3,1,1,31,2,1,1,Yes,1,3,1276,59,17536,1129,11,4,4,3,3,3,1,4,1,0,0,0,No,1,Below College,26-35,Low Salary,New Employee,Very High
1428,2012,2,3,2,3,2,2,40,1,1,3,No,8,2,543,83,4060,2406,19,1,4,3,3,2,8,3,1,0,0,0,No,4,Master,36-45,Low Salary,New Employee,Very High
31,39,2,3,4,3,2,3,33,2,1,3,No,4,0,924,78,6670,2496,11,3,4,4,3,3,7,3,1,1,0,0,No,3,Bachelor,26-35,Low Salary,New Employee,Very High
39,51,2,7,2,3,1,2,36,5,1,2,Yes,9,1,852,82,13072,3419,14,2,1,4,3,4,6,3,1,1,0,0,No,4,Master,36-45,Meduim Salary,New Employee,Low
373,496,2,1,2,3,2,3,35,9,2,2,No,9,0,755,97,19394,6540,19,3,2,3,3,3,10,5,1,1,0,0,No,4,Master,26-35,Meduim Salary,New Employee,Medium
505,684,3,8,2,2,1,2,45,26,2,3,No,2,2,306,100,5630,4286,14,1,1,4,3,3,5,4,1,1,0,0,Yes,4,Master,36-45,Meduim Salary,New Employee,Low
671,933,2,7,2,3,1,3,27,4,1,3,No,1,0,618,76,17808,2318,19,2,3,3,3,3,1,2,1,1,0,0,No,3,Bachelor,26-35,Low Salary,New Employee,High
692,964,2,7,4,2,2,1,40,9,1,3,Yes,8,1,1469,35,25063,3617,14,4,2,4,3,3,3,2,1,1,0,0,No,4,Master,36-45,Meduim Salary,New Employee,Medium
764,1055,3,9,2,3,1,2,34,10,1,3,Yes,1,1,1333,87,18410,2220,19,3,3,4,3,3,1,2,1,1,0,0,No,4,Master,26-35,Low Salary,New Employee,High
798,1107,2,3,4,3,2,1,26,21,1,3,No,1,1,1330,37,19373,2377,20,1,3,3,4,2,1,0,1,1,0,0,Yes,3,Bachelor,26-35,Low Salary,New Employee,High
843,1175,2,3,2,3,1,2,28,12,1,3,Yes,1,0,1485,79,22955,2515,11,3,4,4,3,2,1,4,1,1,0,0,Yes,1,Below College,26-35,Low Salary,New Employee,Very High
846,1180,2,7,4,2,1,2,40,26,2,2,Yes,3,1,902,92,21203,4422,13,3,4,4,3,1,16,3,1,1,0,0,No,2,College,36-45,Meduim Salary,New Employee,Very High
854,1193,2,7,2,3,2,3,19,9,1,3,No,1,0,645,54,7172,2552,25,3,1,3,4,3,1,4,1,1,0,0,No,2,College,18-25,Low Salary,New Employee,Low
893,1248,2,7,4,1,1,3,19,10,1,2,Yes,1,0,504,96,6148,1859,25,1,2,2,4,4,1,2,1,1,0,0,Yes,3,Bachelor,18-25,Low Salary,New Employee,Medium
1098,1551,2,3,6,3,2,1,24,21,1,2,No,0,3,350,57,10036,2296,14,3,1,2,3,3,2,3,1,1,0,0,No,2,College,18-25,Low Salary,New Employee,Low
1137,1604,2,3,4,3,2,2,28,24,1,3,Yes,1,3,329,51,7324,2408,17,3,2,3,3,3,1,3,1,1,0,0,Yes,3,Bachelor,26-35,Low Salary,New Employee,Medium
1416,1994,2,3,4,1,2,1,33,1,1,2,No,1,3,1313,59,20439,2008,12,2,3,3,3,2,1,2,1,1,0,0,No,2,College,26-35,Low Salary,New Employee,High
3,4,2,3,5,3,2,3,37,2,1,2,Yes,6,0,1373,92,2396,2090,15,4,3,2,3,3,7,3,0,0,0,0,Yes,2,College,36-45,Low Salary,New Employee,High
24,30,2,7,2,3,2,3,21,15,1,3,No,1,0,391,96,19281,1232,14,3,4,4,3,3,0,6,0,0,0,0,No,2,College,18-25,Low Salary,New Employee,Very High
55,72,3,8,3,3,1,2,26,23,2,2,Yes,7,1,1443,47,21436,4157,19,3,4,3,3,2,5,2,2,2,0,0,No,3,Bachelor,26-35,Meduim Salary,New Employee,Very High
78,101,2,6,5,3,2,2,45,6,3,3,Yes,4,0,193,52,15067,13245,14,4,1,2,3,4,17,3,0,0,0,0,No,4,Master,36-45,High Salary,New Employee,Low
87,113,3,9,6,3,2,1,23,2,1,3,No,3,1,541,62,9518,2322,13,3,1,3,3,3,3,3,0,0,0,0,No,1,Below College,18-25,Low Salary,New Employee,Low
110,144,2,3,4,3,1,3,22,15,1,3,No,1,0,534,59,23785,2871,15,2,4,3,3,3,1,5,0,0,0,0,No,3,Bachelor,18-25,Low Salary,New Employee,Very High
128,167,3,9,3,3,2,3,19,22,1,3,Yes,1,0,528,50,26820,1675,19,4,3,4,3,2,0,2,0,0,0,0,Yes,1,Below College,18-25,Low Salary,New Employee,High
172,235,3,9,6,2,1,3,19,1,1,1,No,0,0,602,100,20989,2325,21,3,1,1,4,4,1,5,0,0,0,0,Yes,1,Below College,18-25,Low Salary,New Employee,Low
265,364,2,3,2,3,2,3,28,2,1,3,No,2,0,529,79,14935,3485,11,1,3,3,3,1,5,5,0,0,0,0,Yes,4,Master,26-35,Meduim Salary,New Employee,High
266,366,3,8,4,3,2,2,29,2,2,2,No,2,2,1210,78,3687,6644,19,1,2,2,3,3,10,2,0,0,0,0,No,3,Bachelor,26-35,Meduim Salary,New Employee,Medium
297,405,2,3,2,3,2,3,18,3,1,3,No,1,0,230,54,25233,1420,13,3,3,3,3,3,0,2,0,0,0,0,Yes,3,Bachelor,18-25,Low Salary,New Employee,High
302,411,3,9,4,3,1,3,18,10,1,2,No,1,0,812,69,9724,1200,12,4,3,1,3,3,0,2,0,0,0,0,No,3,Bachelor,18-25,Low Salary,New Employee,High
331,448,2,3,2,2,1,1,43,10,2,2,No,1,1,559,82,6227,5257,11,3,3,2,3,4,9,3,9,7,0,0,No,4,Master,36-45,Meduim Salary,Experienced,High
348,467,3,9,4,2,2,3,47,4,2,3,No,3,0,1309,99,25751,2976,19,2,3,1,3,3,5,3,0,0,0,0,No,1,Below College,46-55,Low Salary,New Employee,High
353,473,3,4,4,3,1,2,48,29,3,3,No,3,1,530,91,23978,12504,21,1,3,2,4,1,15,3,0,0,0,0,No,1,Below College,46-55,High Salary,New Employee,High
376,499,2,1,5,3,2,3,49,7,3,2,No,8,0,1261,31,12066,10965,24,2,3,3,4,3,26,2,5,2,0,0,No,3,Bachelor,46-55,High Salary,Early Career,High
439,586,2,1,2,3,2,2,35,16,3,3,Yes,4,0,1276,72,14295,7632,12,4,3,3,3,3,10,2,8,7,0,0,No,3,Bachelor,26-35,High Salary,Experienced,High
458,614,3,9,3,2,2,3,18,5,1,3,Yes,1,0,1306,69,8059,1878,14,2,2,4,3,3,0,3,0,0,0,0,Yes,3,Bachelor,18-25,Low Salary,New Employee,Medium
461,618,3,8,4,3,2,1,26,29,2,3,No,5,2,775,45,4267,4306,12,1,3,1,3,3,8,5,0,0,0,0,No,2,College,26-35,Meduim Salary,New Employee,High
491,662,2,7,2,3,1,3,38,1,1,3,No,3,0,362,43,14561,2619,17,3,1,4,3,2,8,3,0,0,0,0,No,1,Below College,36-45,Low Salary,New Employee,Low
561,775,2,5,2,3,1,1,34,8,2,3,No,3,1,167,32,4187,5121,14,2,1,3,3,3,7,3,0,0,0,0,No,5,Doctor,26-35,Meduim Salary,New Employee,Low
586,811,2,3,2,3,2,2,23,6,1,4,Yes,1,2,1243,63,3445,1601,21,3,1,3,4,3,1,2,0,0,0,0,Yes,3,Bachelor,18-25,Low Salary,New Employee,Low
603,833,2,5,4,3,1,3,30,2,2,2,Yes,5,0,946,52,20234,6877,24,3,4,2,4,2,12,4,0,0,0,0,No,3,Bachelor,26-35,Meduim Salary,New Employee,Very High
616,850,2,7,4,1,2,2,27,3,1,3,No,1,3,443,50,16571,1706,11,4,4,3,3,2,0,6,0,0,0,0,No,3,Bachelor,26-35,Low Salary,New Employee,Very High
628,867,2,5,4,2,1,2,52,25,4,2,No,3,0,890,81,19028,13826,22,3,4,3,4,3,31,3,9,8,0,0,No,4,Master,46-55,High Salary,Experienced,Very High
649,900,3,9,4,2,1,2,37,21,1,3,No,5,1,1231,54,21222,2973,15,3,4,2,3,3,10,3,5,4,0,0,No,2,College,36-45,Low Salary,Early Career,Very High
679,945,2,7,4,3,2,2,48,20,1,3,No,4,2,1469,51,5543,2259,17,4,3,1,3,2,13,2,0,0,0,0,No,4,Master,46-55,Low Salary,New Employee,High
680,947,3,8,3,1,1,2,31,20,2,3,No,1,1,1188,45,24406,6932,13,4,3,4,3,2,9,2,9,8,0,0,No,2,College,26-35,Meduim Salary,Experienced,High
712,994,2,7,2,3,1,3,29,10,1,2,Yes,6,0,906,92,11479,2404,20,4,1,3,4,3,3,5,0,0,0,0,Yes,3,Bachelor,26-35,Low Salary,New Employee,Low
728,1012,2,7,2,1,2,3,18,5,1,3,No,1,0,287,73,13493,1051,15,2,4,4,3,3,0,2,0,0,0,0,No,2,College,18-25,Low Salary,New Employee,Very High
802,1113,3,8,5,2,2,3,50,1,2,3,Yes,3,0,959,81,17251,4728,14,4,3,4,3,3,5,4,0,0,0,0,Yes,4,Master,46-55,Meduim Salary,New Employee,High
804,1115,2,7,2,1,2,2,34,3,1,2,No,3,3,697,40,22478,2979,17,3,4,4,3,3,6,2,0,0,0,0,No,4,Master,26-35,Low Salary,New Employee,Very High
829,1156,2,3,4,1,2,3,18,8,1,3,No,1,0,247,80,13556,1904,12,3,3,4,3,3,0,0,0,0,0,0,Yes,1,Below College,18-25,Low Salary,New Employee,High
861,1203,2,7,2,2,2,2,22,3,1,2,Yes,0,1,1256,48,4223,2853,11,3,4,2,3,3,1,5,0,0,0,0,Yes,4,Master,18-25,Low Salary,New Employee,Very High
863,1206,2,7,2,1,2,3,44,17,1,1,No,2,0,111,74,4279,2290,13,4,3,4,3,3,6,3,0,0,0,0,No,3,Bachelor,36-45,Low Salary,New Employee,High
867,1212,3,8,4,2,2,2,40,2,2,3,No,5,3,1184,62,25440,4327,12,2,2,4,3,3,5,2,0,0,0,0,No,4,Master,36-45,Meduim Salary,New Employee,Medium
937,1306,2,4,4,2,1,3,45,25,5,3,No,3,0,364,83,13035,18061,22,2,2,3,4,3,22,4,0,0,0,0,No,3,Bachelor,36-45,Very High Salary,New Employee,Medium
958,1340,2,7,2,1,2,1,40,16,1,3,No,9,1,458,74,8532,3544,16,3,3,2,3,3,6,0,4,2,0,0,No,2,College,36-45,Meduim Salary,Early Career,High
973,1368,2,3,2,1,1,3,18,1,1,3,No,1,0,1124,97,19305,1611,15,4,4,3,3,4,0,5,0,0,0,0,No,3,Bachelor,18-25,Low Salary,New Employee,Very High
974,1369,2,3,4,3,1,2,35,1,2,2,No,0,1,817,60,10846,5363,12,4,4,2,3,3,10,0,9,7,0,0,No,3,Bachelor,26-35,Meduim Salary,Experienced,Very High
975,1371,3,8,2,2,2,3,27,2,2,1,No,3,0,793,43,20392,5071,20,4,4,2,4,3,8,3,6,2,0,0,No,1,Below College,26-35,Meduim Salary,Experienced,Very High
978,1374,2,7,6,1,1,1,34,26,1,2,No,1,3,999,92,15891,2029,20,1,3,3,4,3,5,2,5,4,0,0,No,1,Below College,26-35,Low Salary,Early Career,High
1011,1424,2,6,4,3,2,1,55,1,4,4,No,2,2,1136,81,12414,14732,13,2,4,4,3,4,31,4,7,7,0,0,No,4,Master,46-55,High Salary,Experienced,Very High
1058,1487,3,8,6,2,1,3,29,13,2,3,No,5,0,115,51,17485,5765,11,1,2,1,3,1,7,4,5,3,0,0,Yes,3,Bachelor,26-35,Meduim Salary,Early Career,Medium
1061,1494,2,3,4,2,2,3,24,9,1,3,Yes,2,0,381,89,16998,3172,11,2,1,3,3,2,4,2,0,0,0,0,Yes,3,Bachelor,18-25,Meduim Salary,New Employee,Low
1069,1504,2,3,4,2,2,3,28,2,1,2,No,7,0,289,38,5355,2561,11,3,1,3,3,2,8,2,0,0,0,0,Yes,2,College,26-35,Low Salary,New Employee,Low
1075,1515,2,1,2,3,2,3,33,8,2,3,Yes,2,0,516,69,22049,6388,17,4,3,1,3,3,14,6,0,0,0,0,No,5,Doctor,26-35,Meduim Salary,New Employee,High
1076,1516,2,4,4,3,2,3,32,10,3,3,No,2,0,495,64,21072,11244,25,3,4,2,4,4,10,5,5,2,0,0,No,3,Bachelor,26-35,High Salary,Early Career,Very High
1152,1622,2,5,4,3,1,1,28,27,2,1,No,0,1,580,39,20460,4877,21,2,1,2,4,2,6,5,5,3,0,0,No,3,Bachelor,26-35,Meduim Salary,Early Career,Low
1154,1624,3,9,4,2,1,3,18,3,1,3,Yes,1,0,544,70,18420,1569,12,2,4,3,3,4,0,2,0,0,0,0,Yes,2,College,18-25,Low Salary,New Employee,Very High
1196,1677,2,4,2,3,2,3,49,1,4,3,No,4,0,809,36,22384,15379,14,3,3,1,3,3,23,2,8,7,0,0,No,3,Bachelor,46-55,Very High Salary,Experienced,High
1203,1687,2,3,4,3,1,2,38,4,1,3,No,7,1,1495,87,26176,3306,19,4,3,4,3,2,7,5,0,0,0,0,No,2,College,36-45,Meduim Salary,New Employee,High
1238,1734,3,8,2,3,2,3,32,1,2,1,No,6,0,964,34,12147,6735,15,1,2,2,3,3,10,2,0,0,0,0,Yes,2,College,26-35,Meduim Salary,New Employee,Medium
1256,1758,3,8,2,3,1,3,33,16,3,3,Yes,2,0,211,74,10092,8564,20,1,1,3,4,2,11,2,0,0,0,0,Yes,3,Bachelor,26-35,High Salary,New Employee,Low
1288,1803,2,1,4,3,2,2,42,13,2,4,No,5,2,1128,95,5696,5538,18,2,1,3,3,2,10,2,0,0,0,0,No,3,Bachelor,36-45,Meduim Salary,New Employee,Low
1312,1839,2,7,4,1,1,3,18,14,1,3,No,1,0,1431,33,8018,1514,16,2,3,3,3,1,0,4,0,0,0,0,No,3,Bachelor,18-25,Low Salary,New Employee,High
1320,1853,3,8,3,2,2,3,32,10,2,3,No,8,0,1318,79,26075,4648,13,4,4,3,3,4,4,2,0,0,0,0,No,4,Master,26-35,Meduim Salary,New Employee,Very High
1326,1860,2,3,2,3,2,3,42,8,1,3,No,4,0,1142,81,13624,3968,13,4,3,4,3,3,8,3,0,0,0,0,No,3,Bachelor,36-45,Meduim Salary,New Employee,High
1372,1935,3,8,3,3,1,2,56,11,2,2,No,4,1,1443,89,20328,5380,16,4,1,3,3,3,6,3,0,0,0,0,No,5,Doctor,56+,Meduim Salary,New Employee,Low
1379,1943,3,8,3,3,2,1,42,12,2,3,Yes,3,2,419,77,2900,5087,12,2,4,3,3,3,14,4,0,0,0,0,No,4,Master,36-45,Meduim Salary,New Employee,Very High
1435,2019,3,9,2,1,2,1,52,29,1,3,No,2,2,585,40,19788,3482,15,1,4,2,3,2,16,3,9,8,0,0,No,4,Master,46-55,Meduim Salary,Experienced,Very High
1454,2045,3,8,3,3,1,2,36,11,2,2,No,4,1,1120,100,14369,6652,13,2,4,1,3,2,8,2,6,3,0,0,No,4,Master,36-45,Meduim Salary,Experienced,Very High
1465,2060,3,9,5,3,1,3,26,5,1,2,No,0,0,1167,30,21378,2966,18,4,3,4,3,3,5,2,4,2,0,0,No,3,Bachelor,26-35,Low Salary,Early Career,High
49,62,3,8,3,2,2,3,46,5,2,3,Yes,4,0,1211,98,20445,5772,21,1,4,3,4,3,14,4,9,6,0,8,No,4,Master,46-55,Meduim Salary,Experienced,Very High
67,85,2,5,2,2,2,3,36,11,2,2,No,1,0,1195,95,22656,6499,13,2,2,3,3,3,6,3,6,5,0,3,No,3,Bachelor,36-45,Meduim Salary,Experienced,Medium
98,129,3,8,4,1,2,2,28,4,2,3,No,1,0,120,43,8863,4221,15,2,3,2,3,4,5,3,5,4,0,4,No,3,Bachelor,26-35,Meduim Salary,Early Career,High
107,141,2,6,2,2,1,2,50,1,5,3,Yes,3,0,1115,73,9755,18172,19,1,2,1,3,2,28,1,8,3,0,7,No,3,Bachelor,46-55,Very High Salary,Experienced,Medium
112,147,2,3,2,2,2,3,34,7,2,1,Yes,1,0,658,66,22887,6074,24,1,3,4,4,3,9,3,9,7,0,6,Yes,3,Bachelor,26-35,Meduim Salary,Experienced,High
121,159,2,7,2,2,2,1,30,23,1,1,No,1,3,1312,96,22310,2613,25,1,3,3,4,2,10,2,10,7,0,9,No,3,Bachelor,26-35,Low Salary,Experienced,High
122,160,3,8,3,1,2,2,33,22,2,3,No,0,1,750,95,15480,6146,13,3,2,1,3,4,8,2,7,7,0,7,No,2,College,26-35,Meduim Salary,Experienced,Medium
145,195,3,8,4,2,2,1,32,9,2,1,No,0,3,689,35,22812,4668,17,4,4,4,3,4,9,2,8,7,0,7,No,2,College,26-35,Meduim Salary,Experienced,Very High
156,208,2,5,6,1,2,2,29,1,2,3,No,1,1,1496,41,26283,4319,13,4,3,1,3,3,10,1,10,7,0,9,No,1,Below College,26-35,Meduim Salary,Experienced,High
165,224,2,7,4,1,2,1,27,3,1,2,Yes,1,1,1450,79,25326,2566,15,3,3,4,3,2,1,2,1,1,0,1,No,3,Bachelor,26-35,Low Salary,New Employee,High
198,270,2,5,4,1,1,1,42,21,2,3,No,2,1,926,36,16439,5265,16,3,3,2,3,3,11,5,5,3,0,2,No,2,College,36-45,Meduim Salary,Early Career,High
213,293,3,8,2,2,1,3,27,20,2,3,No,1,0,1242,90,12916,9981,14,4,3,4,3,3,7,2,7,7,0,7,No,3,Bachelor,26-35,High Salary,Experienced,High
217,299,3,8,3,2,1,3,30,26,2,2,No,5,0,334,52,22967,6696,15,3,1,3,3,2,9,5,6,3,0,1,Yes,4,Master,26-35,Meduim Salary,Experienced,Low
223,306,2,6,5,2,2,1,37,11,3,3,Yes,1,3,663,47,10056,12185,14,2,4,3,3,3,10,1,10,8,0,7,No,3,Bachelor,36-45,High Salary,Experienced,Very High
229,314,3,8,3,2,1,3,35,1,3,3,No,1,0,944,92,9096,8789,14,3,3,1,3,4,10,3,10,7,0,8,No,3,Bachelor,26-35,High Salary,Experienced,High
261,359,2,3,2,2,2,2,32,7,1,4,No,1,0,1311,100,26062,2794,20,2,2,3,4,1,5,3,5,1,0,3,No,3,Bachelor,26-35,Low Salary,Early Career,Medium
283,388,3,8,2,2,2,3,29,2,2,3,No,1,0,442,44,20260,4554,18,2,4,1,3,2,10,3,10,7,0,9,No,2,College,26-35,Meduim Salary,Experienced,Very High
306,419,2,3,2,1,1,2,36,24,2,3,No,7,1,1105,47,6927,5674,15,2,2,3,3,3,11,3,9,8,0,8,No,4,Master,36-45,Meduim Salary,Experienced,Medium
329,446,3,8,3,2,2,3,33,10,2,2,No,3,0,508,46,4317,4682,14,2,4,3,3,2,9,6,7,7,0,1,No,3,Bachelor,26-35,Meduim Salary,Experienced,Very High
333,450,2,7,2,2,1,3,54,20,2,3,No,3,0,928,31,16885,4869,12,4,3,4,3,2,20,4,4,3,0,3,No,4,Master,46-55,Meduim Salary,Early Career,High
350,469,3,8,2,1,2,2,29,2,2,3,No,1,1,746,61,16928,4649,14,4,3,1,3,2,4,3,4,3,0,2,No,3,Bachelor,26-35,Meduim Salary,Early Career,High
383,510,2,7,6,2,2,3,26,3,1,3,No,0,0,575,73,6582,3102,22,3,1,3,4,3,7,2,6,4,0,4,Yes,1,Below College,26-35,Meduim Salary,Experienced,Low
410,547,2,7,2,2,1,1,42,29,2,3,No,2,1,532,92,12932,4556,11,1,3,2,3,3,19,3,5,4,0,2,No,2,College,36-45,Meduim Salary,Early Career,High
414,551,2,1,6,2,1,2,42,28,2,2,No,0,3,1368,88,4386,4523,11,4,4,4,3,4,7,4,6,5,0,4,No,4,Master,36-45,Meduim Salary,Experienced,Very High
450,602,2,3,2,2,1,2,39,8,1,3,No,1,1,443,48,17872,3755,11,3,3,1,3,3,8,3,8,3,0,7,No,1,Below College,36-45,Meduim Salary,Experienced,High
459,615,3,8,5,1,2,1,40,28,3,1,No,3,1,1094,58,11373,10932,15,3,1,3,3,3,20,2,1,0,0,1,No,3,Bachelor,36-45,High Salary,New Employee,Low
460,616,2,1,5,1,1,3,41,2,2,2,Yes,2,0,509,62,2112,6811,17,1,3,1,3,3,10,3,8,7,0,7,No,4,Master,36-45,Meduim Salary,Experienced,High
522,714,3,8,4,2,1,1,27,3,2,4,Yes,1,2,1410,71,16673,4647,20,4,4,2,4,3,6,3,6,5,0,4,No,1,Below College,26-35,Meduim Salary,Experienced,Very High
542,742,2,6,2,1,1,2,36,8,3,4,No,9,1,427,63,20335,11713,14,1,1,1,3,3,10,2,8,7,0,5,No,3,Bachelor,36-45,High Salary,Experienced,Low
570,789,3,8,2,1,2,3,36,8,3,2,No,1,0,1434,76,14229,7587,15,1,1,2,3,3,10,1,10,7,0,9,No,4,Master,36-45,High Salary,Experienced,Low
624,861,2,7,2,2,2,1,30,5,1,2,No,9,1,1012,75,2373,3761,12,2,4,2,3,2,10,3,5,4,0,3,No,4,Master,26-35,Meduim Salary,Early Career,Very High
638,882,2,3,2,1,2,1,32,1,1,3,No,0,1,300,61,9148,2314,12,4,4,2,3,3,4,2,3,0,0,2,No,3,Bachelor,26-35,Low Salary,Early Career,Very High
653,904,3,8,4,1,2,3,37,19,3,3,Yes,1,0,1252,32,4814,7642,13,1,2,4,3,3,10,2,10,0,0,9,No,2,College,36-45,High Salary,Experienced,Medium
683,951,2,3,2,1,1,2,32,1,1,2,No,6,0,1184,70,3974,2332,20,3,2,3,4,3,5,3,3,0,0,2,No,3,Bachelor,26-35,Low Salary,Early Career,Medium
686,956,3,8,4,2,2,3,26,1,2,2,No,1,0,1283,52,11148,4294,12,3,1,2,3,3,7,2,7,7,0,7,No,3,Bachelor,26-35,Meduim Salary,Experienced,Low
697,972,2,3,2,1,2,2,45,4,2,3,No,1,0,805,57,23163,4447,12,3,2,2,3,2,9,5,9,7,0,8,No,2,College,36-45,Meduim Salary,Experienced,Medium
698,974,3,9,6,2,1,2,29,20,1,3,No,1,1,1404,84,18203,2157,15,3,4,2,3,3,3,5,3,1,0,2,No,3,Bachelor,26-35,Low Salary,Early Career,Very High
709,990,3,8,6,1,2,1,36,8,2,3,No,4,2,1229,84,25952,5079,13,1,4,4,3,3,12,3,7,7,0,7,No,4,Master,36-45,Meduim Salary,Experienced,Very High
717,999,2,6,4,2,2,1,41,9,5,3,No,2,1,840,64,3735,19419,17,1,3,2,3,4,21,2,18,16,0,11,No,3,Bachelor,36-45,Very High Salary,Long-Term,High
719,1002,2,3,2,1,2,2,45,23,2,3,Yes,1,1,248,42,14039,3633,15,4,1,3,3,3,9,2,9,8,0,8,No,2,College,36-45,Meduim Salary,Experienced,Low
723,1006,2,7,4,2,2,2,38,10,1,3,No,0,1,1391,66,12127,2684,17,3,3,2,3,2,3,0,2,1,0,2,No,1,Below College,36-45,Low Salary,New Employee,High
727,1011,2,5,2,2,1,2,31,1,2,3,No,1,1,853,96,11275,4148,12,3,1,3,3,3,4,1,4,3,0,3,No,1,Below College,26-35,Meduim Salary,Early Career,Low
752,1040,3,8,2,1,1,2,50,1,2,3,No,0,1,145,95,24920,6347,12,4,3,1,3,3,19,3,18,7,0,13,No,3,Bachelor,46-55,Meduim Salary,Long-Term,High
773,1071,2,7,4,2,1,2,56,9,1,3,No,2,1,1240,63,12154,2942,19,1,3,2,3,3,18,4,5,4,0,3,No,3,Bachelor,56+,Low Salary,Early Career,High
813,1126,2,5,2,2,1,2,43,27,3,3,No,8,1,1082,83,11535,10820,11,3,1,3,3,3,18,1,8,7,0,1,No,3,Bachelor,36-45,High Salary,Experienced,Low
817,1132,2,3,2,1,2,3,39,9,2,3,No,9,0,439,70,8770,6782,15,3,2,3,3,2,9,2,5,4,0,3,No,3,Bachelor,36-45,Meduim Salary,Early Career,Medium
818,1133,2,5,2,1,2,3,36,18,2,3,No,2,0,217,78,23238,7779,20,1,4,1,4,3,18,0,11,9,0,9,No,4,Master,36-45,High Salary,Long-Term,Very High
828,1154,2,7,2,2,2,1,28,6,1,2,Yes,1,1,773,39,22088,2703,14,3,3,4,3,3,3,2,3,1,0,2,No,3,Bachelor,26-35,Low Salary,Early Career,High
873,1220,3,8,4,2,1,2,33,25,2,3,No,1,1,1146,82,4905,4539,12,2,3,1,3,2,10,3,10,7,0,1,No,3,Bachelor,26-35,Meduim Salary,Experienced,High
879,1231,1,2,4,1,2,2,42,2,2,4,No,7,1,179,79,12858,6272,16,4,1,1,3,4,10,3,4,3,0,3,No,5,Doctor,36-45,Meduim Salary,Early Career,Low
882,1235,2,7,2,2,1,3,32,2,2,3,Yes,4,0,1316,38,2338,4998,14,4,3,4,3,3,10,2,8,7,0,7,No,2,College,26-35,Meduim Salary,Experienced,High
901,1257,2,7,6,2,2,2,36,3,1,3,No,1,0,469,46,9256,3692,12,3,2,3,3,2,12,2,11,10,0,7,No,3,Bachelor,36-45,Meduim Salary,Long-Term,Medium
993,1397,2,1,2,1,2,2,39,25,3,3,No,3,1,1485,71,3449,10920,21,3,3,2,4,3,13,2,6,4,0,5,No,2,College,36-45,High Salary,Experienced,High
995,1401,2,5,4,2,1,2,52,28,4,4,Yes,2,1,322,59,9731,13247,11,4,3,2,3,2,24,3,5,3,0,2,No,2,College,46-55,High Salary,Early Career,High
1030,1449,2,3,5,1,2,1,40,9,2,3,No,3,2,663,81,23099,3975,11,3,3,3,3,4,11,2,8,7,0,7,No,4,Master,36-45,Meduim Salary,Experienced,High
1048,1477,3,8,4,2,2,2,33,7,2,3,No,0,2,430,54,17456,4373,14,4,1,1,3,3,5,2,4,3,0,3,No,3,Bachelor,26-35,Meduim Salary,Early Career,Low
1166,1642,1,2,1,2,2,2,44,1,2,3,Yes,4,0,602,37,10503,5743,11,1,4,3,3,3,14,3,10,7,0,2,No,5,Doctor,36-45,Meduim Salary,Experienced,Very High
1175,1653,2,5,2,2,2,1,25,2,2,4,No,1,2,772,77,4973,5206,17,4,3,3,3,3,7,6,7,7,0,7,No,1,Below College,18-25,Meduim Salary,Experienced,High
1245,1745,2,7,6,2,1,3,30,2,1,2,No,0,0,1312,78,26427,4968,16,4,1,4,3,3,10,2,9,7,0,7,No,4,Master,26-35,Meduim Salary,Experienced,Low
1257,1760,2,3,4,2,1,2,38,2,1,2,No,4,1,594,75,15963,2468,14,3,2,2,3,2,9,4,6,1,0,5,No,2,College,36-45,Low Salary,Experienced,Medium
1261,1764,2,7,6,1,2,3,32,5,1,3,No,2,0,953,65,17674,2718,14,2,2,2,3,3,12,3,7,7,0,7,No,4,Master,26-35,Low Salary,Experienced,Medium
1268,1774,3,8,2,1,2,1,34,10,2,3,Yes,1,1,1375,87,12313,4001,14,4,3,3,3,3,15,3,15,14,0,7,No,3,Bachelor,26-35,Meduim Salary,Long-Term,High
1291,1807,2,3,2,2,2,2,34,9,2,3,No,4,1,234,93,6208,5346,17,4,1,3,3,2,11,3,7,1,0,7,Yes,4,Master,26-35,Meduim Salary,Experienced,Low
1318,1850,2,3,2,2,1,3,27,5,1,3,Yes,0,0,1297,53,19826,2379,14,4,4,3,3,2,6,3,5,4,0,2,No,2,College,26-35,Low Salary,Early Career,Very High
1348,1890,1,2,1,2,2,3,36,2,2,2,No,1,0,1213,94,4223,3886,21,2,4,4,4,2,10,2,10,1,0,8,No,1,Below College,36-45,Meduim Salary,Experienced,Very High
1365,1927,3,8,2,2,2,2,28,1,2,2,Yes,1,1,783,42,19255,6834,12,3,4,3,3,3,7,2,7,7,0,7,No,2,College,26-35,Meduim Salary,Experienced,Very High
1374,1937,2,7,4,2,1,1,38,8,2,2,Yes,1,1,1394,58,18115,2133,16,4,2,3,3,3,20,3,20,11,0,7,No,3,Bachelor,36-45,Low Salary,Long-Term,Medium
1376,1939,2,7,2,2,1,3,32,5,1,4,Yes,3,0,238,47,15318,2432,14,1,3,1,3,3,8,2,4,1,0,3,Yes,2,College,26-35,Low Salary,Early Career,High
1384,1949,2,3,2,1,2,2,36,9,1,4,No,1,0,1351,66,9238,2810,22,1,2,2,4,3,5,3,5,4,0,2,No,4,Master,36-45,Low Salary,Early Career,Medium
1396,1967,3,8,3,2,2,2,31,26,2,3,Yes,1,0,754,63,21075,5617,11,1,4,3,3,3,10,4,10,7,0,8,Yes,4,Master,26-35,Meduim Salary,Experienced,Very High
1453,2044,3,8,2,2,2,1,50,1,2,3,No,7,2,878,94,14255,6728,12,2,3,4,3,3,12,3,6,3,0,1,Yes,4,Master,46-55,Meduim Salary,Experienced,High
1469,2065,3,8,4,2,2,2,49,2,2,2,No,2,0,1023,63,13243,5390,14,4,2,4,3,2,17,3,9,6,0,8,No,3,Bachelor,46-55,Meduim Salary,Experienced,Medium
1,1,3,8,2,3,1,3,41,1,2,3,Yes,8,0,1102,94,19479,5993,11,2,4,1,3,1,8,0,6,4,0,5,Yes,2,College,36-45,Meduim Salary,Experienced,Very High
22,27,3,9,2,3,2,3,36,9,1,2,No,7,0,1218,82,6986,3407,23,3,1,2,4,3,10,4,5,3,0,3,Yes,4,Master,36-45,Meduim Salary,Early Career,Low
108,142,3,8,3,3,2,3,25,5,2,2,Yes,1,0,240,46,26959,5744,11,3,3,4,3,3,6,1,6,4,0,3,Yes,3,Bachelor,18-25,Meduim Salary,Experienced,High
134,176,3,8,2,3,2,1,41,9,3,3,Yes,3,1,802,96,21196,8189,13,3,3,3,3,3,12,2,9,7,0,7,No,1,Below College,36-45,High Salary,Experienced,High
152,204,3,8,3,3,2,2,35,1,3,3,No,1,2,662,94,11439,7295,13,3,2,1,3,3,10,3,10,8,0,6,No,5,Doctor,26-35,High Salary,Experienced,Medium
169,230,3,8,2,3,1,3,38,1,2,2,No,4,0,702,59,12930,8686,22,1,4,3,4,4,12,2,8,3,0,7,No,4,Master,36-45,High Salary,Experienced,Very High
175,240,3,8,2,3,1,1,45,4,2,3,Yes,4,1,1268,30,6319,5006,11,3,1,1,3,4,9,3,5,4,0,3,No,2,College,36-45,Meduim Salary,Early Career,Low
183,248,3,9,3,3,1,3,41,20,1,3,Yes,1,0,1356,70,21728,3140,22,2,2,4,4,2,4,5,4,3,0,2,Yes,2,College,36-45,Meduim Salary,Early Career,Medium
234,323,3,4,4,3,1,1,50,1,5,3,No,3,1,854,68,24118,19517,11,4,4,3,3,2,32,3,7,0,0,6,No,4,Master,46-55,Very High Salary,Experienced,Very High
274,378,3,8,4,3,2,2,37,6,2,3,No,4,1,228,98,22825,6502,14,3,4,2,3,4,7,5,5,4,0,1,No,4,Master,36-45,Meduim Salary,Early Career,Very High
301,410,3,4,2,3,2,3,41,2,4,3,No,1,0,334,88,15896,16015,19,4,2,2,3,3,22,2,22,10,0,4,No,4,Master,36-45,Very High Salary,Long-Term,Medium
321,437,3,8,2,3,2,3,27,2,2,3,Yes,1,0,1377,74,5242,4478,11,4,3,1,3,3,5,3,5,4,0,4,No,3,Bachelor,26-35,Meduim Salary,Early Career,High
336,453,3,8,4,3,2,2,40,1,2,1,Yes,2,3,1124,57,13273,7457,22,2,4,3,4,2,6,2,4,3,0,2,No,2,College,36-45,High Salary,Early Career,Very High
340,458,3,8,3,3,1,2,27,8,2,3,No,1,1,1130,56,3415,6214,18,2,2,1,3,3,8,3,8,7,0,7,No,4,Master,26-35,Meduim Salary,Experienced,Medium
375,498,3,8,2,3,2,3,28,9,2,3,No,1,0,304,92,20750,5253,16,2,4,4,3,3,7,1,7,5,0,7,No,4,Master,26-35,Meduim Salary,Experienced,Very High
377,500,3,8,2,3,1,2,51,14,2,3,No,4,1,1178,87,14862,4936,11,3,4,3,3,2,18,2,7,7,0,7,No,2,College,46-55,Meduim Salary,Experienced,Very High
404,534,3,8,3,3,2,2,41,1,3,4,No,1,1,645,49,19566,8392,16,2,1,3,3,3,10,2,10,7,0,7,No,3,Bachelor,36-45,High Salary,Experienced,Low
451,604,3,8,2,3,2,3,31,2,2,3,Yes,4,0,828,77,8346,6582,13,2,4,3,3,4,10,2,6,5,0,5,No,1,Below College,26-35,Meduim Salary,Experienced,Very High
457,613,3,4,2,3,2,1,31,7,3,2,No,9,1,688,44,25291,11557,21,3,4,3,4,2,10,3,5,4,0,1,No,3,Bachelor,26-35,High Salary,Early Career,Very High
462,620,3,8,4,3,1,3,35,1,2,3,No,1,0,195,80,6698,4859,16,1,3,4,3,3,5,3,5,4,0,3,No,3,Bachelor,26-35,Meduim Salary,Early Career,High
479,645,3,9,4,3,2,2,25,13,1,3,No,1,0,622,40,26376,2096,11,2,3,3,3,3,7,1,7,4,0,6,No,1,Below College,18-25,Low Salary,Experienced,High
496,667,3,9,3,3,2,1,27,2,1,3,No,0,1,1420,85,16346,3041,11,3,1,2,3,3,5,3,4,3,0,2,Yes,1,Below College,26-35,Meduim Salary,Early Career,Low
519,709,3,8,3,3,1,3,38,7,2,2,No,0,0,243,46,7791,4028,20,4,4,1,4,3,8,2,7,7,0,5,No,4,Master,36-45,Meduim Salary,Experienced,Very High
528,722,3,8,3,3,2,3,32,10,2,3,No,1,0,929,55,21703,5396,12,4,4,4,3,2,10,2,10,7,0,8,No,3,Bachelor,26-35,Meduim Salary,Experienced,Very High
620,855,3,8,4,3,2,1,33,1,2,4,No,1,1,586,48,21816,4037,22,1,1,1,4,3,9,5,9,8,0,8,No,3,Bachelor,26-35,Meduim Salary,Experienced,Low
626,864,3,8,3,3,2,1,45,9,3,3,Yes,4,1,930,74,19239,10761,12,4,1,3,3,3,18,2,5,4,0,2,No,3,Bachelor,36-45,High Salary,Early Career,Low
630,869,1,2,4,3,2,1,28,8,1,2,No,1,1,1169,63,23965,4936,13,2,4,4,3,3,6,6,5,1,0,4,No,2,College,26-35,Meduim Salary,Early Career,Very High
634,878,1,2,2,3,2,2,36,8,1,2,No,0,0,1278,77,8635,2342,21,1,1,3,4,3,6,3,5,4,0,3,No,3,Bachelor,36-45,Low Salary,Early Career,Low
635,879,3,8,5,3,2,2,25,3,2,3,Yes,1,0,141,98,14363,4194,18,3,1,4,3,3,5,3,5,3,0,3,No,1,Below College,18-25,Meduim Salary,Early Career,Low
655,909,1,2,2,3,1,2,39,2,2,2,No,8,2,1383,42,7790,5204,11,4,4,3,3,3,13,2,5,4,0,4,No,3,Bachelor,36-45,Meduim Salary,Early Career,Very High
656,910,1,2,1,3,2,1,33,3,1,3,Yes,3,1,1075,57,22650,2277,11,4,2,3,3,4,7,4,4,3,0,3,No,2,College,26-35,Low Salary,Early Career,Medium
673,936,3,8,4,3,1,3,42,14,2,2,No,7,0,462,68,7824,6244,17,3,3,1,3,3,10,6,5,4,0,3,No,2,College,36-45,Meduim Salary,Early Career,High
705,984,3,8,2,3,2,1,35,3,3,3,No,6,1,882,92,6812,7823,13,4,4,2,3,3,12,2,10,9,0,8,No,4,Master,26-35,High Salary,Experienced,Very High
706,985,3,8,2,3,2,3,39,2,3,4,No,0,0,903,41,2560,7880,18,1,3,4,3,3,9,3,8,7,0,7,No,5,Doctor,36-45,High Salary,Experienced,High
720,1003,3,8,2,3,1,3,47,4,2,3,Yes,1,0,955,83,8571,4163,17,4,4,3,3,3,9,0,9,0,0,7,No,2,College,46-55,Meduim Salary,Experienced,Very High
758,1047,3,8,3,3,2,1,34,1,2,4,No,0,1,216,75,12278,9725,11,2,4,4,3,2,16,2,15,1,0,9,No,4,Master,26-35,High Salary,Long-Term,Very High
759,1048,3,4,6,3,2,2,59,1,3,3,Yes,3,1,1089,66,11038,11904,14,2,4,3,3,1,14,1,6,4,0,4,No,2,College,56+,High Salary,Experienced,Very High
760,1049,1,2,4,3,2,3,45,24,1,3,No,1,0,788,36,8318,2177,16,2,2,1,3,3,6,3,6,3,0,4,No,4,Master,36-45,Low Salary,Experienced,Medium
866,1211,3,8,2,3,2,1,30,29,2,3,No,8,3,1329,61,13192,4115,19,3,1,3,3,3,8,3,4,3,0,3,No,4,Master,26-35,Meduim Salary,Early Career,Low
898,1254,3,8,2,3,1,3,59,3,2,2,No,5,0,326,48,16490,5171,17,3,4,4,3,3,13,2,6,1,0,5,No,3,Bachelor,56+,Meduim Salary,Experienced,Very High
909,1268,3,8,3,3,2,1,33,10,3,4,Yes,0,2,536,82,21708,8380,14,4,3,4,3,3,10,3,9,8,0,8,No,5,Doctor,26-35,High Salary,Experienced,High
917,1280,3,4,3,3,1,2,46,4,5,2,No,2,1,168,33,9946,18789,14,4,2,3,3,3,26,2,11,4,0,8,No,2,College,46-55,Very High Salary,Long-Term,Medium
936,1304,3,8,4,3,2,2,32,8,2,4,No,1,2,604,56,11693,6209,15,3,4,3,3,4,10,4,10,7,0,8,No,3,Bachelor,26-35,Meduim Salary,Experienced,Very High
963,1352,1,4,2,3,2,1,51,5,4,3,Yes,1,1,770,84,17588,14026,11,3,2,2,3,3,33,2,33,9,0,10,No,3,Bachelor,46-55,High Salary,Long-Term,Medium
985,1387,3,8,2,3,2,2,28,26,2,2,No,1,1,736,48,24232,4724,11,3,1,3,3,3,5,0,5,3,0,4,No,3,Bachelor,26-35,Meduim Salary,Early Career,Low
1000,1408,1,4,1,3,1,2,42,10,4,3,No,0,1,1147,31,16616,16799,14,3,1,3,3,3,21,5,20,7,0,9,No,3,Bachelor,36-45,Very High Salary,Long-Term,Low
1006,1419,1,2,5,3,2,3,29,17,3,2,No,1,0,332,51,9769,7988,13,2,1,1,3,2,10,3,10,9,0,9,No,3,Bachelor,26-35,High Salary,Experienced,Low
1012,1425,3,8,3,3,1,3,36,3,2,3,Yes,3,0,1174,99,20763,9278,16,1,2,4,3,3,15,3,5,4,0,1,No,4,Master,36-45,High Salary,Early Career,Medium
1026,1445,3,8,4,3,1,2,24,4,2,3,Yes,1,2,1476,42,15211,4162,12,4,3,3,3,3,5,3,5,4,0,3,No,1,Below College,18-25,Meduim Salary,Early Career,High
1027,1446,3,8,3,3,2,2,32,7,2,3,No,4,1,601,97,23343,9204,12,4,4,3,3,2,7,3,4,3,0,3,No,5,Doctor,26-35,High Salary,Early Career,Very High
1064,1497,3,8,2,3,2,1,29,19,2,2,No,1,2,1246,77,23757,8620,14,3,3,3,3,3,10,3,10,7,0,4,No,3,Bachelor,26-35,High Salary,Experienced,High
1136,1602,3,4,2,3,2,3,46,1,4,4,No,1,0,563,56,3156,17567,15,4,1,2,3,1,27,5,26,0,0,12,No,4,Master,46-55,Very High Salary,Long-Term,Low
1189,1669,3,8,4,3,2,1,29,5,2,2,Yes,1,1,991,43,3356,4187,13,1,2,2,3,2,10,3,10,0,0,9,No,3,Bachelor,26-35,Meduim Salary,Experienced,Medium
1192,1673,3,8,2,3,1,2,31,5,2,3,No,1,2,1112,67,22589,5476,11,1,4,1,3,3,10,2,10,0,0,2,No,4,Master,26-35,Meduim Salary,Experienced,Very High
1197,1678,3,8,2,3,2,3,41,23,3,3,Yes,3,0,1206,80,11591,7082,16,4,3,4,3,3,21,2,2,0,0,2,No,2,College,36-45,High Salary,New Employee,High
1236,1732,3,8,2,3,2,1,46,2,3,3,Yes,4,1,1277,74,5596,10368,12,3,4,2,3,2,13,5,10,6,0,3,No,3,Bachelor,46-55,High Salary,Experienced,Very High
1242,1739,3,8,2,3,2,2,32,19,3,1,No,3,1,371,80,3840,9610,13,4,3,3,3,1,10,2,4,3,0,2,No,3,Bachelor,26-35,High Salary,Early Career,High
1244,1744,1,2,2,3,1,2,45,4,3,1,No,4,2,176,56,6595,9756,21,3,3,3,4,4,9,2,5,0,0,3,No,3,Bachelor,36-45,High Salary,Early Career,High
1255,1757,3,8,3,3,1,3,49,11,2,3,No,3,0,1313,80,8191,4507,12,4,4,3,3,4,8,1,5,1,0,4,No,4,Master,46-55,Meduim Salary,Early Career,Very High
1334,1869,3,8,2,3,1,2,46,10,3,3,No,5,3,1254,64,14011,7314,21,3,2,3,4,3,14,2,8,7,0,7,Yes,3,Bachelor,46-55,High Salary,Experienced,Medium
1351,1898,3,8,4,3,1,3,27,2,2,4,No,0,0,511,89,26997,6500,14,1,3,2,3,2,9,5,8,7,0,7,No,2,College,26-35,Meduim Salary,Experienced,High
1364,1924,3,8,3,3,2,3,33,10,2,3,No,1,0,217,43,10410,5487,14,2,3,2,3,2,10,2,10,4,0,9,No,4,Master,26-35,Meduim Salary,Experienced,High
1381,1945,3,8,4,3,2,2,35,18,2,3,No,0,1,682,71,15975,5561,16,2,1,4,3,1,6,2,5,3,0,4,No,4,Master,26-35,Meduim Salary,Early Career,Low
1393,1962,3,8,2,3,1,2,35,7,2,3,Yes,1,0,1224,55,13586,5204,11,3,4,4,3,3,10,2,10,8,0,9,No,4,Master,26-35,Meduim Salary,Experienced,Very High
1394,1965,3,8,3,3,2,3,27,9,2,3,No,1,0,954,44,5099,4105,14,4,4,1,3,3,7,5,7,7,0,7,No,3,Bachelor,26-35,Meduim Salary,Experienced,Very High
1434,2018,3,8,5,3,1,1,25,8,2,3,Yes,0,1,1382,85,13684,4907,22,1,3,2,4,2,6,3,5,3,0,4,No,2,College,18-25,Meduim Salary,Early Career,High
1449,2037,3,8,2,3,2,1,41,3,2,2,No,2,1,930,57,12227,8938,11,3,2,3,3,3,14,5,5,4,0,4,No,3,Bachelor,36-45,High Salary,Early Career,Medium
1455,2046,3,8,2,3,1,3,45,20,2,3,No,8,0,374,50,23333,4850,15,4,3,3,3,3,8,3,5,3,0,1,No,3,Bachelor,36-45,Meduim Salary,Early Career,High
43,55,2,3,2,3,2,3,26,25,1,1,No,1,0,1357,48,10558,2293,12,1,3,3,3,2,1,2,1,0,0,1,Yes,3,Bachelor,26-35,Low Salary,New Employee,High
141,190,2,3,4,3,1,3,32,9,1,3,No,7,0,1033,41,10224,4200,22,1,1,1,4,4,10,2,5,4,0,4,Yes,3,Bachelor,26-35,Meduim Salary,Early Career,Low
193,261,2,5,2,3,2,2,35,23,2,2,Yes,3,0,556,50,15497,5916,13,2,3,1,3,3,8,1,1,0,0,1,Yes,2,College,26-35,Meduim Salary,New Employee,High
230,315,2,7,4,3,2,3,29,18,1,2,Yes,1,0,896,86,14961,2389,13,3,4,3,3,2,4,3,4,3,0,1,Yes,1,Below College,26-35,Low Salary,Early Career,Very High
235,325,2,3,4,3,2,2,33,14,1,3,Yes,5,1,813,58,22149,2436,13,3,4,3,3,1,8,2,5,4,0,4,Yes,3,Bachelor,26-35,Low Salary,Early Career,Very High
337,454,2,3,5,3,2,2,29,8,1,1,Yes,1,0,318,77,4759,2119,11,2,1,4,3,2,7,4,7,7,0,7,Yes,4,Master,26-35,Low Salary,Experienced,Low
657,911,2,3,2,3,2,3,32,25,1,3,Yes,1,0,374,87,18016,2795,24,1,4,3,4,1,1,2,1,0,0,1,Yes,4,Master,26-35,Low Salary,New Employee,Very High
858,1200,2,7,2,3,2,3,44,10,1,3,Yes,1,0,1097,96,10826,2936,11,3,3,3,3,3,6,4,6,4,0,2,Yes,4,Master,36-45,Low Salary,Experienced,High
929,1295,2,1,4,3,1,2,44,15,3,3,No,1,1,621,73,14075,7978,11,1,4,4,3,3,10,2,10,7,0,5,Yes,3,Bachelor,36-45,High Salary,Experienced,Very High
1078,1522,2,7,6,3,2,3,29,1,1,2,No,6,0,224,100,7568,2362,13,1,1,3,3,1,11,2,9,7,0,7,Yes,4,Master,26-35,Low Salary,Experienced,Low
1292,1809,2,5,4,3,2,3,37,10,2,3,No,1,0,370,58,4992,4213,15,4,1,2,3,1,10,4,10,3,0,8,Yes,4,Master,36-45,Meduim Salary,Experienced,Low
1391,1960,2,3,6,3,2,1,28,17,1,2,No,5,1,1404,32,18779,2367,12,3,4,1,3,2,6,2,4,1,0,3,Yes,3,Bachelor,26-35,Low Salary,Early Career,Very High
11,14,2,3,4,3,2,2,35,16,1,4,No,0,1,809,84,16479,2426,13,1,2,3,3,3,6,5,5,4,0,3,No,3,Bachelor,26-35,Low Salary,Early Career,Medium
12,15,2,3,2,3,1,3,29,15,2,2,Yes,0,0,153,49,12682,4193,12,4,3,4,3,3,10,3,9,5,0,8,No,2,College,26-35,Meduim Salary,Experienced,High
50,63,2,3,2,3,2,2,35,8,1,4,No,1,0,1229,36,4892,2269,19,4,4,4,3,3,1,2,1,0,0,1,No,1,Below College,26-35,Low Salary,New Employee,Very High
60,77,2,5,2,3,2,1,37,1,2,2,No,1,1,1115,51,2689,5993,18,1,3,3,3,4,7,2,7,5,0,7,No,4,Master,36-45,Meduim Salary,Experienced,High
66,84,2,4,4,3,1,1,55,8,4,3,Yes,2,3,836,33,19730,14756,14,4,3,3,3,3,21,2,5,0,0,2,No,3,Bachelor,46-55,High Salary,Early Career,High
72,94,2,7,2,3,2,2,29,2,1,3,No,0,1,1328,76,4956,2703,23,3,2,4,4,3,6,3,5,4,0,4,No,3,Bachelor,26-35,Low Salary,Early Career,Medium
74,96,2,7,2,3,2,2,32,1,2,3,No,1,2,548,66,7346,6220,17,2,2,2,3,3,10,3,10,4,0,9,No,3,Bachelor,26-35,Meduim Salary,Experienced,Medium
82,105,2,7,4,3,2,3,35,1,1,2,No,1,0,1214,30,26278,2859,18,2,3,1,3,3,6,3,6,4,0,4,No,3,Bachelor,26-35,Low Salary,Experienced,High
86,112,2,5,2,3,2,3,56,7,3,1,No,4,0,1400,49,21698,7260,11,4,4,1,3,2,37,3,6,4,0,2,No,3,Bachelor,56+,High Salary,Experienced,Very High
96,126,2,6,6,3,1,2,54,2,3,3,No,9,1,1217,60,24001,13549,12,1,3,1,3,1,16,5,4,3,0,3,No,4,Master,46-55,High Salary,Early Career,High
142,192,2,7,4,3,2,3,45,29,1,3,No,5,0,1316,83,9752,3452,13,3,4,2,3,2,9,2,6,5,0,3,No,3,Bachelor,36-45,Meduim Salary,Experienced,Very High
144,194,2,7,2,3,1,3,30,18,1,3,No,1,0,438,75,23910,2632,14,1,3,3,3,2,5,4,5,4,0,4,No,3,Bachelor,26-35,Low Salary,Early Career,High
154,206,2,3,2,3,2,1,45,9,2,3,No,8,1,194,60,10901,2348,18,2,2,3,3,1,20,2,17,9,0,15,No,3,Bachelor,36-45,Low Salary,Long-Term,Medium
177,242,2,7,2,3,2,3,33,2,1,3,No,0,0,134,90,10515,2500,14,3,4,1,3,4,4,2,3,1,0,2,No,3,Bachelor,26-35,Low Salary,Early Career,Very High
192,260,2,7,4,3,1,3,27,9,1,3,No,1,0,894,99,11781,2279,16,4,2,4,3,2,7,2,7,7,0,3,No,3,Bachelor,26-35,Low Salary,Experienced,Medium
249,340,2,7,4,3,1,2,37,1,1,2,No,2,1,1017,83,18697,3920,14,3,1,1,3,2,17,2,3,1,0,2,No,2,College,36-45,Meduim Salary,Early Career,Low
284,389,2,3,6,3,2,2,55,20,2,3,Yes,3,1,147,37,15972,5415,19,2,4,4,3,3,12,4,10,7,0,8,No,2,College,46-55,Meduim Salary,Experienced,Very High
290,395,2,7,2,3,1,3,28,8,1,3,No,1,0,1117,66,4488,3310,21,4,4,4,4,3,5,3,5,3,0,2,No,2,College,26-35,Meduim Salary,Early Career,Very High
303,412,2,1,4,3,2,3,28,16,2,4,No,0,0,1476,68,4824,5661,19,2,1,3,3,3,9,2,8,3,0,7,No,2,College,26-35,Meduim Salary,Experienced,Low
308,421,2,6,2,3,1,2,38,25,3,2,No,3,1,849,81,26707,12061,17,1,2,3,3,3,19,2,10,8,0,1,No,2,College,36-45,High Salary,Experienced,Medium
317,431,2,1,6,3,1,3,49,1,4,2,Yes,7,0,1091,90,17810,13964,12,3,3,4,3,3,25,2,7,1,0,7,No,2,College,46-55,High Salary,Experienced,High
323,439,2,7,4,3,1,3,32,2,2,4,No,7,0,1018,74,10557,5055,16,1,4,3,3,2,10,0,7,7,0,7,No,4,Master,26-35,Meduim Salary,Experienced,Very High
345,464,2,5,6,3,2,3,35,5,3,3,No,0,0,1296,62,18264,8095,13,3,2,4,3,3,17,5,16,6,0,13,No,4,Master,26-35,High Salary,Long-Term,Medium
352,471,2,3,4,3,1,2,32,2,1,3,No,1,1,1062,75,3956,2370,13,3,2,3,3,3,8,4,8,0,0,7,No,3,Bachelor,26-35,Low Salary,Experienced,Medium
365,486,2,3,4,3,1,2,37,10,1,3,No,6,1,921,98,17663,3452,20,3,1,2,4,3,17,3,5,4,0,3,No,3,Bachelor,36-45,Meduim Salary,Early Career,Low
390,518,2,5,2,3,2,3,37,10,2,3,Yes,2,0,1305,49,21123,4197,12,3,2,4,3,2,18,2,1,0,0,1,No,4,Master,36-45,Meduim Salary,New Employee,Medium
407,543,2,5,4,3,2,2,52,3,3,2,Yes,2,0,319,39,19609,7969,14,4,3,3,3,3,28,4,5,4,0,4,No,3,Bachelor,46-55,High Salary,Early Career,High
411,548,2,5,2,3,1,3,30,2,2,1,No,2,0,317,43,24793,6091,20,3,4,3,4,3,11,2,5,4,0,2,No,3,Bachelor,26-35,Meduim Salary,Early Career,Very High
413,550,2,5,4,3,1,1,46,18,2,3,No,2,1,1485,87,26314,4810,14,3,3,3,3,2,19,5,10,7,0,8,No,3,Bachelor,46-55,Meduim Salary,Experienced,High
429,574,2,5,4,3,1,1,47,2,2,3,No,5,3,983,65,7389,5070,13,1,4,3,3,3,20,2,5,0,0,4,No,2,College,46-55,Meduim Salary,Early Career,Very High
435,581,2,5,2,3,2,1,31,9,3,3,No,1,1,1274,33,14394,10648,25,3,2,4,4,4,13,6,13,8,0,8,No,1,Below College,26-35,High Salary,Long-Term,Medium
456,612,2,6,4,3,1,1,33,1,4,4,No,4,1,922,95,22578,16184,19,1,3,3,3,3,10,2,6,1,0,5,No,5,Doctor,26-35,Very High Salary,Experienced,High
474,638,2,6,2,3,2,1,49,18,5,2,Yes,1,1,1245,58,2125,19502,17,4,3,3,3,3,31,5,31,9,0,9,No,4,Master,46-55,Very High Salary,Long-Term,High
486,655,2,7,4,3,1,1,27,6,1,2,No,0,2,798,66,5013,2187,12,1,3,3,3,2,6,5,5,3,0,3,No,4,Master,26-35,Low Salary,Early Career,High
501,679,2,7,2,3,1,2,32,9,2,3,Yes,1,1,646,92,18089,6322,12,1,4,4,3,2,6,2,6,4,0,5,No,4,Master,26-35,Meduim Salary,Experienced,Very High
531,725,2,5,2,3,1,2,27,1,3,3,No,1,0,608,68,6009,7412,11,3,1,4,3,3,9,3,9,7,0,7,No,2,College,26-35,High Salary,Experienced,Low
551,758,2,3,4,3,2,2,23,9,1,3,No,1,1,650,37,4344,2500,14,2,1,4,3,4,5,2,4,3,0,2,No,1,Below College,18-25,Low Salary,Early Career,Low
555,764,2,1,4,3,1,3,27,7,2,2,No,8,0,975,55,23398,6811,19,4,1,1,3,1,9,2,7,6,0,7,No,3,Bachelor,26-35,Meduim Salary,Experienced,Low
560,773,2,7,4,3,2,2,38,2,1,3,Yes,6,1,268,92,20471,3057,13,4,3,2,3,1,6,0,1,0,0,1,No,5,Doctor,36-45,Meduim Salary,New Employee,High
589,815,2,6,4,3,2,2,50,2,4,3,No,5,0,691,64,6881,17639,16,3,3,4,3,3,30,3,4,3,0,3,No,3,Bachelor,46-55,Very High Salary,Early Career,High
594,823,2,5,5,3,1,2,36,1,2,3,No,0,1,676,35,23361,5228,15,3,2,1,3,3,10,2,9,7,0,5,No,3,Bachelor,36-45,Meduim Salary,Experienced,Medium
595,824,2,7,2,3,2,2,29,23,1,4,No,1,1,1252,81,23779,2700,24,3,3,3,4,3,10,3,10,7,0,7,No,2,College,26-35,Low Salary,Experienced,High
598,827,2,5,2,3,1,2,42,1,2,2,Yes,9,1,932,43,4051,6062,13,4,4,4,3,3,8,4,4,3,0,2,No,2,College,36-45,Meduim Salary,Early Career,Very High
611,844,2,6,6,3,2,1,27,5,3,2,Yes,1,1,269,42,8842,12808,16,3,4,2,3,3,9,3,9,8,0,8,No,1,Below College,26-35,High Salary,Experienced,Very High
619,854,2,7,4,3,2,3,25,2,1,4,No,7,0,180,65,21632,3424,13,1,1,3,3,2,6,3,4,3,0,1,No,1,Below College,18-25,Meduim Salary,Early Career,Low
645,895,2,7,2,3,2,2,31,11,1,3,Yes,3,1,1222,48,14871,2356,19,4,4,2,3,3,8,2,6,4,0,2,No,4,Master,26-35,Low Salary,Experienced,Very High
658,912,2,3,4,3,1,1,29,7,1,2,No,6,3,1086,62,6054,2532,14,1,4,3,3,3,8,5,4,3,0,3,No,1,Below College,26-35,Low Salary,Early Career,Very High
675,940,2,1,6,3,1,1,58,5,3,2,Yes,2,1,1272,37,9255,10552,13,3,2,4,3,3,24,3,6,0,0,4,No,3,Bachelor,56+,High Salary,Experienced,Medium
677,942,2,1,2,3,1,2,35,21,2,3,Yes,1,1,1137,51,19170,4014,25,4,4,4,4,1,10,2,10,6,0,7,No,1,Below College,26-35,Meduim Salary,Experienced,Very High
714,996,2,3,4,3,1,1,45,1,1,3,No,3,2,974,91,11005,2270,14,4,4,4,3,3,8,2,5,3,0,2,No,4,Master,36-45,Low Salary,Early Career,Very High
724,1007,2,5,4,3,2,1,46,7,3,3,No,6,1,566,75,24208,10845,13,4,3,2,3,3,13,3,8,7,0,7,No,2,College,46-55,High Salary,Experienced,High
729,1013,2,5,6,3,1,2,54,17,3,3,No,8,1,1441,56,13943,10739,11,3,3,3,3,3,22,2,10,7,0,8,No,3,Bachelor,46-55,High Salary,Experienced,High
768,1062,2,1,5,3,1,3,37,3,2,3,No,3,0,124,35,13848,4107,15,4,2,1,3,2,8,3,4,3,0,1,No,3,Bachelor,36-45,Meduim Salary,Early Career,Medium
784,1085,2,7,6,3,1,2,41,7,1,4,No,1,0,509,43,18863,3376,13,2,3,3,3,3,10,3,10,6,0,8,No,2,College,36-45,Meduim Salary,Experienced,High
820,1136,2,7,2,3,2,2,28,2,1,2,No,0,0,1451,67,19911,3201,17,1,2,1,3,1,6,2,5,3,0,4,No,1,Below College,26-35,Meduim Salary,Early Career,Medium
844,1177,2,3,4,3,2,2,26,3,1,4,No,1,1,1384,82,13421,4420,22,1,4,2,4,3,8,2,8,7,0,7,No,4,Master,26-35,Meduim Salary,Experienced,Very High
853,1192,2,3,4,3,1,2,29,6,1,3,No,1,1,1401,54,26342,3131,13,2,4,1,3,3,10,5,10,8,0,8,No,1,Below College,26-35,Meduim Salary,Experienced,Very High
895,1250,2,6,2,3,2,2,54,3,4,3,No,3,0,685,85,23474,17779,14,4,4,1,3,3,36,2,10,9,0,9,No,3,Bachelor,46-55,Very High Salary,Experienced,Very High
896,1251,2,1,4,3,2,2,31,11,2,3,Yes,1,0,1332,80,17089,6833,12,3,1,4,3,2,6,2,6,5,0,1,No,2,College,26-35,Meduim Salary,Experienced,Low
899,1255,2,6,2,3,2,2,43,3,5,1,No,3,1,920,96,18625,19740,14,3,4,2,3,3,25,2,8,7,0,7,No,3,Bachelor,36-45,Very High Salary,Experienced,Very High
903,1259,2,7,2,3,2,1,27,4,1,3,No,1,3,1167,76,3208,2517,11,1,3,2,3,3,5,2,5,3,0,3,No,2,College,26-35,Low Salary,Early Career,High
910,1269,2,7,2,3,1,3,19,25,1,4,Yes,1,0,265,57,21221,2994,12,2,4,4,3,3,1,2,1,0,0,1,No,3,Bachelor,18-25,Low Salary,New Employee,Very High
911,1270,2,7,2,3,2,2,23,1,1,3,No,1,1,373,47,16901,1223,22,4,3,4,4,3,1,2,1,0,0,1,No,2,College,18-25,Low Salary,New Employee,High
949,1321,2,4,4,3,1,2,30,17,3,3,Yes,1,2,634,95,25927,11916,23,2,1,4,4,3,9,2,9,1,0,8,No,4,Master,26-35,High Salary,Experienced,Low
970,1363,2,5,2,3,2,3,48,4,3,3,No,1,0,855,54,18706,7898,11,4,4,3,3,3,11,2,10,9,0,8,No,3,Bachelor,46-55,High Salary,Experienced,Very High
1001,1409,2,3,5,3,1,2,52,8,1,3,No,9,0,258,54,17363,2950,13,3,1,3,3,1,12,2,5,4,0,4,No,4,Master,46-55,Low Salary,Early Career,Low
1005,1417,2,3,5,3,2,3,26,7,1,4,No,0,0,652,100,23577,3578,12,3,1,4,3,3,8,2,7,7,0,7,No,3,Bachelor,26-35,Meduim Salary,Experienced,Low
1028,1447,2,3,2,3,1,2,34,1,1,2,No,5,1,401,86,3708,3294,17,4,2,1,3,2,7,2,5,4,0,2,No,3,Bachelor,26-35,Meduim Salary,Early Career,Medium
1035,1460,2,1,4,3,2,1,45,20,3,1,Yes,2,1,1038,95,19863,10851,18,2,1,2,3,3,24,2,7,7,0,7,No,3,Bachelor,36-45,High Salary,Experienced,Low
1055,1484,2,1,2,3,2,1,49,7,3,3,No,3,2,1490,35,20948,10466,14,3,2,2,3,3,29,3,8,7,0,7,No,4,Master,46-55,High Salary,Experienced,Medium
1067,1502,2,3,4,3,1,2,33,4,1,2,No,8,0,1099,82,8192,3838,11,1,2,4,3,3,8,5,5,4,0,2,No,4,Master,26-35,Meduim Salary,Early Career,Medium
1091,1544,2,1,5,3,1,2,29,8,2,1,No,3,1,441,39,7288,9715,13,3,1,3,3,3,9,3,7,7,0,7,No,1,Below College,26-35,High Salary,Experienced,Low
1092,1545,2,5,2,3,2,3,33,25,2,2,No,1,0,575,44,24152,4320,13,4,2,4,3,3,5,2,5,3,0,2,No,3,Bachelor,26-35,Meduim Salary,Early Career,Medium
1093,1546,2,7,6,3,2,2,45,28,1,3,No,4,1,950,97,4585,2132,20,4,4,4,4,3,8,3,5,4,0,3,No,3,Bachelor,36-45,Low Salary,Early Career,Very High
1130,1595,2,4,5,3,2,3,42,9,5,2,No,8,0,1059,93,26362,19613,22,4,4,4,4,3,24,2,1,0,0,1,No,2,College,36-45,Very High Salary,New Employee,Very High
1134,1599,2,3,6,3,2,1,43,27,1,4,No,5,1,990,87,5855,4876,12,4,2,3,3,3,8,0,6,4,0,2,No,3,Bachelor,36-45,Meduim Salary,Experienced,Medium
1135,1601,2,3,2,3,2,2,35,7,1,2,No,1,1,1349,63,7713,2690,18,3,4,4,3,2,1,5,1,0,0,1,No,2,College,26-35,Low Salary,New Employee,Very High
1150,1619,2,3,5,3,2,1,27,19,1,2,No,1,2,1302,67,16290,4066,11,4,1,1,3,3,7,3,7,7,0,7,No,3,Bachelor,26-35,Meduim Salary,Experienced,Low
1156,1627,2,3,4,3,2,1,39,3,2,2,No,0,1,170,76,10302,3069,15,3,3,4,3,3,11,3,10,8,0,7,No,2,College,36-45,Meduim Salary,Experienced,High
1159,1631,2,5,2,3,2,2,37,19,2,3,No,3,3,671,85,26493,5768,17,3,3,1,3,2,9,2,4,3,0,2,No,3,Bachelor,36-45,Meduim Salary,Early Career,High
1162,1638,2,5,4,3,1,2,38,2,3,2,Yes,3,1,397,54,14199,7756,19,4,3,4,3,4,10,6,5,4,0,2,No,2,College,36-45,High Salary,Early Career,High
1184,1664,2,1,2,3,2,1,36,3,2,4,No,6,1,1040,79,26308,6842,20,4,1,1,4,3,13,3,5,4,0,4,No,2,College,36-45,Meduim Salary,Early Career,Low
1218,1707,2,7,4,3,2,2,24,9,1,4,No,1,1,581,62,17616,4401,16,3,3,4,3,3,5,1,5,3,0,4,No,3,Bachelor,18-25,Meduim Salary,Early Career,High
1232,1727,2,1,2,3,2,3,46,13,2,3,No,6,0,717,34,9697,5562,14,3,2,4,3,3,19,3,10,7,0,9,No,4,Master,46-55,Meduim Salary,Experienced,Medium
1233,1728,2,5,2,3,2,2,35,27,2,3,No,2,1,1370,49,5151,6883,16,4,3,2,3,3,17,3,7,7,0,7,No,4,Master,26-35,Meduim Salary,Experienced,High
1234,1729,2,7,2,3,2,2,30,16,1,3,No,1,1,793,33,3811,2862,12,2,4,2,3,2,10,2,10,0,0,8,No,1,Below College,26-35,Low Salary,Experienced,Very High
1264,1768,2,3,4,3,2,1,42,12,1,3,No,8,3,855,57,8952,2766,22,2,2,2,4,2,7,6,5,3,0,4,No,3,Bachelor,36-45,Low Salary,Early Career,Medium
1267,1772,2,3,2,3,2,1,41,9,1,3,No,1,2,548,94,20520,2289,20,3,1,2,4,3,5,2,5,3,0,4,No,4,Master,36-45,Low Salary,Early Career,Low
1273,1782,2,3,5,3,1,2,38,6,1,2,No,1,1,1153,40,16376,3702,11,4,3,2,3,3,5,3,5,4,0,4,No,2,College,36-45,Meduim Salary,Early Career,High
1284,1799,2,7,2,3,2,2,28,1,1,3,No,1,1,1181,82,5531,2044,11,3,4,3,3,4,5,6,5,3,0,3,No,3,Bachelor,26-35,Low Salary,Early Career,Very High
1287,1802,2,3,2,3,1,2,40,2,1,3,No,4,1,616,99,25605,3377,17,3,1,4,3,2,7,5,4,3,0,2,No,2,College,36-45,Meduim Salary,Early Career,Low
1297,1816,2,5,4,3,1,3,30,10,3,3,No,9,0,1092,64,2739,9667,14,1,3,2,3,3,9,3,7,7,0,2,No,3,Bachelor,26-35,High Salary,Experienced,High
1300,1822,2,1,2,3,1,1,40,1,2,3,No,4,1,1194,52,9060,6513,17,3,4,4,3,3,12,3,5,3,0,3,No,3,Bachelor,36-45,Meduim Salary,Early Career,Very High
1303,1826,2,3,4,3,2,2,35,23,1,1,No,0,1,185,91,9696,2705,16,2,3,2,3,4,6,2,5,4,0,3,No,4,Master,26-35,Low Salary,Early Career,High
1342,1881,2,3,2,3,2,1,31,20,2,3,No,1,1,311,89,18624,4197,11,2,3,1,3,3,10,2,10,8,0,2,No,3,Bachelor,26-35,Meduim Salary,Experienced,High
1345,1885,2,7,4,3,2,2,37,7,2,3,Yes,5,1,783,78,13588,4284,22,4,1,3,4,3,16,2,5,3,0,4,No,4,Master,36-45,Meduim Salary,Early Career,Low
1388,1954,2,1,2,3,2,2,29,1,2,3,No,0,1,136,89,6225,5373,12,1,1,1,3,2,6,5,5,3,0,2,No,3,Bachelor,26-35,Meduim Salary,Early Career,Low
1400,1971,2,1,2,3,2,2,43,11,3,3,No,1,1,574,30,16873,7510,17,1,3,2,3,3,10,1,10,9,0,9,No,3,Bachelor,36-45,High Salary,Experienced,High
1425,2008,2,7,4,3,2,3,35,9,2,3,No,1,0,1395,48,18698,5098,19,2,3,2,3,3,10,5,10,7,0,8,No,4,Master,26-35,Meduim Salary,Experienced,High
1446,2034,2,5,2,3,1,2,41,28,4,2,No,0,1,582,60,5640,13570,23,1,2,3,4,3,21,3,20,7,0,10,No,4,Master,36-45,High Salary,Long-Term,Medium
1458,2051,2,7,4,3,1,2,40,2,1,3,No,2,3,1194,98,12549,2001,14,3,3,2,3,3,20,2,5,3,0,2,No,4,Master,36-45,Low Salary,Early Career,High
1460,2053,2,3,5,3,2,2,29,13,2,2,Yes,4,1,1378,46,23679,4025,13,4,2,1,3,3,10,2,4,3,0,3,No,2,College,26-35,Meduim Salary,Early Career,Medium
1461,2054,2,7,4,3,1,3,29,28,1,2,No,1,0,468,73,8489,3785,14,4,1,2,3,1,5,3,5,4,0,4,No,4,Master,26-35,Meduim Salary,Early Career,Low
17,21,2,7,2,3,2,1,32,5,1,4,Yes,0,2,334,80,15053,3298,12,1,2,4,3,2,7,5,6,2,0,5,No,2,College,26-35,Meduim Salary,Experienced,Medium
220,303,3,8,3,3,1,2,54,3,2,3,No,2,1,1147,52,17011,5940,14,4,1,4,3,3,16,4,6,2,0,5,No,3,Bachelor,46-55,Meduim Salary,Experienced,Low
247,338,2,7,2,3,1,2,33,5,1,2,No,1,1,832,63,14776,2911,13,3,4,3,3,2,2,2,2,2,0,2,No,4,Master,26-35,Low Salary,New Employee,Very High
263,362,2,3,6,3,2,3,32,2,2,2,No,4,0,128,84,19737,2176,13,4,1,4,3,3,9,5,6,2,0,4,No,1,Below College,26-35,Low Salary,Experienced,Low
341,460,2,5,4,3,2,1,37,5,2,3,No,7,2,1192,61,23177,6347,16,4,4,3,3,2,8,2,6,2,0,4,No,2,College,36-45,Meduim Salary,Experienced,Very High
406,538,2,3,4,3,2,2,25,3,1,3,No,5,1,688,91,9396,4031,13,1,1,3,3,3,6,5,2,2,0,2,Yes,3,Bachelor,18-25,Meduim Salary,New Employee,Low
408,544,2,7,2,3,2,2,45,10,1,3,No,3,2,192,69,9655,2654,21,1,4,4,4,2,8,3,2,2,0,2,No,2,College,36-45,Low Salary,New Employee,Very High
421,564,2,6,4,3,2,2,29,3,3,2,No,1,0,986,93,21526,11935,18,2,3,3,3,3,10,2,10,2,0,7,No,4,Master,26-35,High Salary,Experienced,High
494,665,1,2,2,3,1,3,44,1,2,2,No,4,0,1112,50,26894,5985,11,1,3,2,3,4,10,1,2,2,0,2,No,4,Master,36-45,Meduim Salary,New Employee,High
495,666,3,9,6,3,1,1,34,14,1,3,Yes,1,2,204,31,2912,2579,18,3,3,4,3,3,8,3,8,2,0,6,No,3,Bachelor,26-35,Low Salary,Experienced,High
498,671,2,4,5,3,2,2,44,3,5,3,Yes,4,1,1315,35,9358,19513,12,4,4,1,3,4,26,2,2,2,0,1,No,4,Master,36-45,Very High Salary,New Employee,Very High
566,784,2,7,4,3,2,3,23,10,1,4,No,1,0,310,79,19630,3505,18,1,3,4,3,3,2,3,2,2,0,2,No,1,Below College,18-25,Meduim Salary,New Employee,High
582,806,2,3,2,3,2,2,30,1,1,1,No,3,2,921,38,24375,3833,21,4,3,3,4,3,7,2,2,2,0,2,No,3,Bachelor,26-35,Meduim Salary,New Employee,High
663,922,3,9,4,3,1,3,20,2,1,2,No,1,0,500,49,22052,2044,13,3,3,4,3,2,2,3,2,2,0,2,Yes,3,Bachelor,18-25,Low Salary,New Employee,High
681,949,2,7,5,3,2,3,36,7,1,3,No,2,0,188,65,23293,4678,18,2,4,3,3,3,8,6,6,2,0,1,No,4,Master,36-45,Meduim Salary,Experienced,Very High
777,1077,3,9,3,2,1,3,20,9,1,3,Yes,1,0,769,54,17205,2323,14,4,4,2,3,3,2,3,2,2,0,2,Yes,3,Bachelor,18-25,Low Salary,New Employee,Very High
783,1084,2,5,5,3,2,2,30,20,2,3,No,0,1,1176,85,9096,9957,15,3,1,3,3,2,7,1,6,2,0,2,No,3,Bachelor,26-35,High Salary,Experienced,Low
795,1103,2,1,2,2,2,3,34,3,2,3,No,0,0,618,45,22266,7756,17,1,4,3,3,2,7,1,6,2,0,4,No,1,Below College,26-35,High Salary,Experienced,Very High
1190,1670,3,8,4,3,2,1,33,2,2,3,No,1,2,392,93,3921,5505,14,4,4,3,3,3,6,5,6,2,0,4,No,4,Master,26-35,Meduim Salary,Experienced,Very High
1198,1680,3,9,2,3,2,3,20,9,1,3,No,1,0,727,54,21082,2728,11,4,1,1,3,3,2,3,2,2,0,2,No,1,Below College,18-25,Low Salary,New Employee,Low
1414,1992,2,3,5,3,2,1,25,2,1,3,Yes,6,1,977,57,7298,3977,19,4,3,3,3,2,7,2,2,2,0,2,No,1,Below College,18-25,Meduim Salary,New Employee,High
1457,2049,2,1,2,2,2,2,35,18,2,3,Yes,1,2,1199,80,24594,5689,14,3,3,4,3,4,10,2,10,2,0,2,No,4,Master,26-35,Meduim Salary,Experienced,High
1468,2064,2,5,2,3,2,2,27,4,2,4,Yes,1,1,155,87,5174,6142,20,2,2,2,4,3,6,0,6,2,0,3,No,3,Bachelor,26-35,Meduim Salary,Experienced,Medium
80,103,1,2,4,3,2,1,46,5,2,3,Yes,8,1,945,80,10425,5021,22,2,2,4,4,3,16,2,4,2,0,2,No,2,College,46-55,Meduim Salary,Early Career,Medium
88,116,2,3,2,3,2,2,51,9,1,3,No,3,2,432,96,18725,2075,23,4,4,2,4,3,10,4,4,2,0,3,No,4,Master,46-55,Low Salary,Early Career,Very High
97,128,3,8,5,3,1,2,24,3,2,3,No,0,1,1353,33,17519,4999,21,1,3,1,4,2,4,2,3,2,0,2,No,2,College,18-25,Meduim Salary,Early Career,High
101,133,1,2,1,3,2,1,37,6,1,3,Yes,4,0,807,63,23648,2073,22,3,1,4,4,3,7,3,3,2,0,2,Yes,4,Master,36-45,Low Salary,Early Career,Low
136,178,2,5,4,3,2,1,36,6,2,3,No,6,2,216,84,2819,4941,20,2,2,4,4,3,7,0,3,2,0,1,No,2,College,36-45,Meduim Salary,Early Career,Medium
181,246,2,7,4,3,1,2,31,12,1,3,Yes,8,1,140,95,6984,3929,23,3,4,3,4,3,7,0,4,2,0,2,No,1,Below College,26-35,Meduim Salary,Early Career,Very High
273,377,2,7,4,3,2,2,28,9,1,3,No,1,1,1158,94,2613,2070,23,4,4,4,4,2,5,3,5,2,0,4,No,3,Bachelor,26-35,Low Salary,Early Career,Very High
419,560,2,7,2,3,1,1,26,23,1,3,No,1,2,1349,90,3032,2886,22,1,4,2,4,1,3,3,3,2,0,2,No,3,Bachelor,26-35,Low Salary,Early Career,Very High
632,874,2,3,2,3,2,2,44,8,1,4,Yes,2,1,986,62,5044,2818,24,1,4,3,4,2,10,2,3,2,0,2,No,4,Master,36-45,Low Salary,Early Career,Very High
726,1010,2,3,5,3,2,1,35,14,1,2,Yes,1,1,622,39,10074,3743,24,3,2,4,4,1,5,2,4,2,0,2,Yes,4,Master,26-35,Meduim Salary,Early Career,Medium
968,1361,2,3,2,3,2,2,40,1,1,3,No,3,1,329,88,6762,2387,22,2,2,3,4,3,7,3,4,2,0,3,No,4,Master,36-45,Low Salary,Early Career,Medium
1214,1702,3,9,2,3,2,1,23,7,1,3,Yes,1,1,427,99,25103,2275,21,3,4,2,4,3,3,2,3,2,0,2,Yes,3,Bachelor,18-25,Low Salary,Early Career,Very High
1269,1775,2,5,4,1,1,2,53,1,4,2,Yes,4,3,661,60,22308,12965,20,1,3,4,4,2,27,2,3,2,0,2,No,4,Master,46-55,High Salary,Early Career,High
1309,1835,3,9,3,3,1,2,38,2,2,1,Yes,2,2,723,77,4244,5405,20,2,4,1,4,2,20,4,4,2,0,3,No,4,Master,36-45,Meduim Salary,Early Career,Very High
1337,1873,2,7,6,3,2,2,55,2,1,2,No,8,1,836,98,7975,2662,20,2,4,2,4,4,19,2,5,2,0,4,No,4,Master,46-55,Low Salary,Early Career,Very High
15,19,2,3,2,3,2,3,28,24,1,2,Yes,5,0,103,50,12947,2028,14,3,3,2,3,3,6,4,4,2,0,3,Yes,3,Bachelor,26-35,Low Salary,Early Career,High
37,47,3,9,3,3,2,2,50,3,1,2,Yes,1,0,869,86,3810,2683,14,1,3,3,3,3,3,2,3,2,0,2,Yes,2,College,46-55,Low Salary,Early Career,High
79,102,2,6,4,3,2,3,37,7,3,3,No,4,0,397,30,25258,13664,13,1,3,1,3,4,16,3,5,2,0,2,No,4,Master,36-45,High Salary,Early Career,High
137,179,2,5,2,2,2,3,51,8,3,1,No,2,0,1150,53,25150,10650,15,1,4,4,3,3,18,2,4,2,0,3,Yes,4,Master,46-55,High Salary,Early Career,Very High
163,221,2,7,4,3,2,2,28,21,1,3,No,1,1,440,42,6672,2713,11,3,4,3,3,1,5,2,5,2,0,2,No,3,Bachelor,26-35,Low Salary,Early Career,Very High
184,249,2,3,4,3,2,2,50,1,1,2,No,2,1,328,86,3425,3690,15,3,3,4,3,2,5,2,3,2,0,2,No,3,Bachelor,46-55,Meduim Salary,Early Career,High
209,287,2,1,2,1,2,2,40,9,2,2,No,9,1,1151,63,14242,4876,14,4,4,4,3,1,5,5,3,2,0,2,No,5,Doctor,36-45,Meduim Salary,Early Career,Very High
210,288,2,1,4,3,2,1,46,1,3,3,No,7,1,644,97,12368,9396,16,4,1,3,3,3,17,3,4,2,0,3,No,4,Master,46-55,High Salary,Early Career,Low
215,297,2,7,6,3,1,3,30,3,1,3,Yes,5,0,1005,88,8556,2657,11,4,1,3,3,3,8,5,5,2,0,4,Yes,3,Bachelor,26-35,Low Salary,Early Career,Low
250,341,2,5,2,2,2,2,45,7,2,4,No,4,1,1199,77,5118,6434,17,1,3,4,3,3,9,1,3,2,0,2,No,4,Master,36-45,Meduim Salary,Early Career,High
254,347,2,7,2,3,1,3,42,17,2,4,Yes,3,0,916,82,23016,6545,13,4,1,3,3,3,10,1,3,2,0,2,No,2,College,36-45,Meduim Salary,Early Career,Low
255,349,3,8,3,3,2,1,29,20,2,3,No,2,1,1247,45,10732,6931,14,4,4,4,3,3,10,2,3,2,0,2,No,2,College,26-35,Meduim Salary,Early Career,Very High
276,380,2,6,4,1,1,1,37,1,3,3,Yes,2,2,728,80,11677,13603,18,1,4,1,3,3,15,2,5,2,0,2,No,4,Master,36-45,High Salary,Early Career,Very High
289,394,2,3,4,3,2,1,26,16,1,3,Yes,2,1,1449,45,14180,2373,13,1,2,4,3,3,5,2,3,2,0,2,Yes,4,Master,26-35,Low Salary,Early Career,Medium
310,423,2,7,6,3,2,2,31,5,1,3,Yes,0,1,691,86,10077,4821,12,3,4,3,3,3,6,4,5,2,0,3,No,4,Master,26-35,Meduim Salary,Early Career,Very High
346,465,2,7,2,3,2,1,23,26,1,3,No,1,2,1309,83,16092,2904,12,3,4,3,3,2,4,2,4,2,0,2,No,1,Below College,18-25,Low Salary,Early Career,Very High
374,497,2,3,4,3,2,1,27,1,1,3,No,1,1,1469,82,17881,3816,11,4,2,2,3,3,5,2,5,2,0,4,No,2,College,26-35,Meduim Salary,Early Career,Medium
379,502,3,8,3,1,2,3,34,19,2,4,Yes,8,0,1362,67,4652,5304,13,1,4,2,3,2,9,3,5,2,0,4,Yes,3,Bachelor,26-35,Meduim Salary,Early Career,Very High
381,507,3,8,3,3,1,1,24,10,2,3,Yes,1,1,1371,77,5915,4260,12,4,3,4,3,4,5,2,5,2,0,3,No,4,Master,18-25,Meduim Salary,Early Career,High
397,526,2,1,5,3,1,1,43,8,2,3,Yes,4,0,1473,74,2227,4522,14,3,3,4,3,3,8,3,5,2,0,2,No,4,Master,36-45,Meduim Salary,Early Career,High
430,575,2,6,2,3,2,2,46,2,4,3,No,6,0,1009,51,2288,17861,13,1,3,3,3,1,26,2,3,2,0,1,No,3,Bachelor,46-55,Very High Salary,Early Career,High
441,590,1,2,1,2,1,1,34,23,3,3,Yes,9,3,988,43,11533,9950,15,2,1,3,3,3,11,2,3,2,0,2,Yes,3,Bachelor,26-35,High Salary,Early Career,Low
484,652,2,3,5,3,2,3,35,25,2,2,No,4,0,538,54,14004,3681,14,1,4,4,3,3,9,3,3,2,0,2,No,2,College,26-35,Meduim Salary,Early Career,Very High
493,664,2,4,2,3,1,2,48,1,4,2,No,7,1,1236,40,17997,15402,11,4,1,1,3,1,21,3,3,2,0,2,No,4,Master,46-55,Very High Salary,Early Career,Low
506,686,2,3,2,3,1,2,26,6,1,3,Yes,1,1,991,71,17759,2659,13,3,4,3,3,3,3,2,3,2,0,2,No,3,Bachelor,26-35,Low Salary,Early Career,Very High
512,699,2,5,4,3,2,1,36,9,2,2,Yes,2,1,913,48,13934,8847,11,2,2,3,3,3,13,2,3,2,0,2,No,2,College,36-45,High Salary,Early Career,Medium
517,705,2,7,4,3,2,2,23,4,1,4,No,2,1,885,58,8544,2819,16,1,1,1,3,4,5,3,3,2,0,2,No,3,Bachelor,18-25,Low Salary,Early Career,Low
581,805,3,9,2,3,1,2,35,8,1,3,No,1,1,384,72,20317,2572,16,1,4,2,3,2,3,1,3,2,0,2,No,4,Master,26-35,Low Salary,Early Career,Very High
592,819,3,8,3,3,1,3,33,16,2,3,No,5,0,118,69,26507,5324,15,1,1,3,3,3,6,3,3,2,0,2,Yes,3,Bachelor,26-35,Meduim Salary,Early Career,Low
600,829,1,2,1,3,2,2,36,13,1,3,No,4,1,1041,36,25527,2143,13,3,2,2,3,3,8,2,5,2,0,4,No,3,Bachelor,36-45,Low Salary,Early Career,Medium
614,847,1,2,1,3,2,2,34,3,1,3,No,0,1,829,88,2243,3737,19,3,4,3,3,1,4,1,3,2,0,2,No,2,College,26-35,Meduim Salary,Early Career,Very High
623,859,3,8,2,3,2,1,32,13,2,3,No,2,1,117,73,9250,4403,11,2,4,3,3,2,8,3,5,2,0,3,No,4,Master,26-35,Meduim Salary,Early Career,Very High
625,862,3,8,3,3,1,2,53,7,3,2,Yes,7,1,661,78,20715,10934,18,1,4,4,3,3,35,3,5,2,0,4,No,2,College,46-55,High Salary,Early Career,Very High
639,885,3,8,3,3,2,2,25,4,2,2,No,1,0,583,87,18154,4256,12,3,1,1,3,4,5,1,5,2,0,3,No,1,Below College,18-25,Meduim Salary,Early Career,Low
640,887,2,7,6,3,1,2,49,1,1,3,No,2,1,1418,36,10554,3580,16,3,1,2,3,3,7,2,4,2,0,2,No,3,Bachelor,46-55,Meduim Salary,Early Career,Low
646,896,3,9,4,3,1,1,29,1,1,2,Yes,6,3,341,48,23522,2800,19,2,3,3,3,3,5,3,3,2,0,2,Yes,3,Bachelor,26-35,Low Salary,Early Career,High
660,916,3,8,4,3,2,3,28,5,2,3,No,1,0,821,98,24252,4908,14,1,4,2,3,3,4,3,4,2,0,2,No,4,Master,26-35,Meduim Salary,Early Career,Very High
667,926,2,5,2,3,1,2,22,3,2,3,Yes,0,1,617,34,10022,4171,19,2,3,1,3,4,4,3,3,2,0,2,Yes,1,Below College,18-25,Meduim Salary,Early Career,High
674,939,2,7,5,3,2,3,33,1,1,2,Yes,3,0,1198,100,3339,2799,11,3,1,2,3,3,6,1,3,2,0,2,No,4,Master,26-35,Low Salary,Early Career,Low
713,995,2,7,2,3,1,3,33,13,1,3,No,3,0,461,53,17241,3452,18,2,4,1,3,3,5,4,3,2,0,2,No,1,Below College,26-35,Meduim Salary,Early Career,Very High
721,1004,2,7,2,3,1,2,30,22,1,3,Yes,4,0,138,48,11539,2132,11,1,3,2,3,3,7,2,5,2,0,1,Yes,3,Bachelor,26-35,Low Salary,Early Career,High
803,1114,3,8,2,2,1,2,33,7,2,3,No,0,1,970,30,13401,4302,17,4,2,3,3,3,4,3,3,2,0,2,No,3,Bachelor,26-35,Meduim Salary,Early Career,Medium
821,1137,3,8,3,2,2,1,35,11,2,3,No,1,1,1182,54,18500,4968,11,4,4,4,3,3,5,3,5,2,0,2,No,2,College,26-35,Meduim Salary,Early Career,Very High
823,1140,2,5,2,2,2,3,34,2,2,3,No,2,0,1003,95,15834,4033,11,4,3,4,3,2,5,3,3,2,0,2,No,2,College,26-35,Meduim Salary,Early Career,High
830,1157,3,8,3,3,1,3,33,9,2,3,Yes,0,0,603,77,18385,8224,17,1,1,1,3,3,6,3,5,2,0,3,Yes,4,Master,26-35,High Salary,Early Career,Low
855,1195,2,7,4,3,1,2,45,7,1,3,Yes,4,1,1457,83,20100,4477,19,1,3,3,3,2,7,2,3,2,0,2,No,3,Bachelor,36-45,Meduim Salary,Early Career,High
870,1217,2,6,2,3,2,2,46,15,5,3,No,5,1,1450,52,10849,19081,11,4,2,1,3,3,25,2,4,2,0,3,No,2,College,46-55,Very High Salary,Early Career,Medium
918,1281,3,8,3,3,1,3,34,2,2,3,Yes,0,0,131,86,6039,4538,12,3,1,4,3,3,4,3,3,2,0,2,No,3,Bachelor,26-35,Meduim Salary,Early Career,Low
922,1286,2,3,4,2,2,3,28,1,1,3,Yes,0,0,791,44,6842,2154,11,4,3,3,3,2,5,2,4,2,0,2,No,4,Master,26-35,Low Salary,Early Career,High
941,1310,2,7,4,3,2,3,39,23,1,3,No,0,0,360,93,22154,3904,13,3,1,1,3,3,6,2,5,2,0,3,Yes,3,Bachelor,36-45,Meduim Salary,Early Career,Low
972,1367,2,5,6,3,1,3,51,11,4,2,No,3,0,1405,82,24439,13142,16,4,2,2,3,2,29,1,5,2,0,3,No,2,College,46-55,High Salary,Early Career,Medium
983,1382,2,7,2,2,2,1,38,7,1,4,No,1,3,693,57,15748,2610,11,4,3,4,3,3,4,2,4,2,0,3,No,3,Bachelor,36-45,Low Salary,Early Career,High
1002,1411,2,3,4,3,1,3,37,11,1,3,No,4,0,1462,94,19106,3629,18,1,3,1,3,3,8,6,3,2,0,2,No,3,Bachelor,36-45,Meduim Salary,Early Career,High
1004,1415,2,3,6,3,2,2,25,1,1,3,No,4,1,949,81,4910,3229,11,1,4,2,3,2,7,2,3,2,0,2,No,3,Bachelor,18-25,Meduim Salary,Early Career,Very High
1014,1428,3,8,3,3,1,1,30,7,2,3,No,7,2,855,73,12761,4779,14,4,1,2,3,3,8,3,3,2,0,2,No,4,Master,26-35,Meduim Salary,Early Career,Low
1020,1436,3,8,3,3,1,2,36,16,2,2,No,4,2,329,98,13494,5647,13,3,1,1,3,2,11,3,3,2,0,2,No,4,Master,36-45,Meduim Salary,Early Career,Low
1029,1448,2,7,4,3,2,2,41,5,1,4,Yes,2,0,1283,90,5561,2127,12,2,3,1,3,2,7,5,4,2,0,3,No,5,Doctor,36-45,Low Salary,Early Career,High
1036,1461,1,2,4,3,1,3,31,8,1,4,No,9,0,1398,96,24609,2109,18,4,2,4,3,3,8,3,3,2,0,2,No,2,College,26-35,Low Salary,Early Career,Medium
1043,1471,2,3,2,1,2,3,44,5,1,2,No,3,0,981,90,7973,3162,14,3,3,4,3,3,7,5,5,2,0,3,No,3,Bachelor,36-45,Meduim Salary,Early Career,High
1073,1513,2,3,2,2,1,2,29,2,1,3,No,0,3,410,97,4668,3180,13,4,2,3,3,3,4,3,3,2,0,2,No,1,Below College,26-35,Meduim Salary,Early Career,Medium
1124,1587,2,1,4,3,1,3,35,10,2,3,Yes,3,0,670,51,4223,6142,16,1,3,3,3,3,10,4,5,2,0,4,No,4,Master,26-35,Meduim Salary,Early Career,High
1129,1594,2,3,2,2,2,2,36,6,2,4,Yes,3,1,1302,80,19711,5562,13,1,1,4,3,3,9,3,3,2,0,2,No,4,Master,36-45,Meduim Salary,Early Career,Low
1140,1607,2,7,5,3,1,2,32,5,1,4,No,3,2,634,35,18783,3312,17,2,4,4,3,3,6,3,3,2,0,2,No,4,Master,26-35,Meduim Salary,Early Career,Very High
1145,1613,3,8,5,2,2,3,31,2,2,3,No,7,0,715,54,21602,5332,13,4,1,4,3,3,10,3,5,2,0,3,No,4,Master,26-35,Meduim Salary,Early Career,Low
1170,1647,2,7,4,3,1,2,27,8,1,4,No,7,0,486,86,22490,3517,17,2,3,1,3,3,5,0,3,2,0,2,No,3,Bachelor,26-35,Meduim Salary,Early Career,High
1172,1649,2,3,2,3,2,3,40,7,1,3,Yes,3,0,1329,73,3339,2166,14,1,1,2,3,1,10,3,4,2,0,3,Yes,3,Bachelor,36-45,Low Salary,Early Career,Low
1174,1651,2,1,2,3,1,2,36,5,3,3,No,4,2,711,42,22792,8008,12,2,1,3,3,3,9,6,3,2,0,2,No,4,Master,36-45,High Salary,Early Career,Low
1200,1682,2,1,2,3,2,2,36,26,2,3,No,6,2,1351,80,7419,5347,14,1,3,2,3,2,10,2,3,2,0,2,No,4,Master,36-45,Meduim Salary,Early Career,High
1225,1718,2,3,4,3,2,2,26,17,1,1,No,1,3,390,62,6217,2305,15,4,3,3,3,4,3,3,3,2,0,2,No,4,Master,26-35,Low Salary,Early Career,High
1228,1721,2,3,2,3,2,2,31,2,1,3,No,1,1,741,69,18103,3477,14,2,3,4,3,4,6,2,5,2,0,3,No,4,Master,26-35,Meduim Salary,Early Career,High
1248,1749,3,8,6,3,2,2,31,5,2,3,No,1,1,1003,51,20943,8346,19,1,3,3,3,3,6,3,5,2,0,2,No,3,Bachelor,26-35,High Salary,Early Career,High
1251,1753,2,1,2,2,2,3,29,1,2,4,Yes,8,0,461,70,23060,6294,12,4,3,4,3,4,10,5,3,2,0,2,No,3,Bachelor,26-35,Meduim Salary,Early Career,High
1277,1787,3,8,3,3,2,2,37,9,2,2,No,1,2,589,46,8800,4189,14,2,2,1,3,3,5,2,5,2,0,3,No,2,College,36-45,Meduim Salary,Early Career,Medium
1346,1886,2,5,5,3,1,2,35,16,2,2,Yes,0,0,219,44,25388,4788,11,4,2,4,3,3,4,2,3,2,0,2,No,2,College,26-35,Meduim Salary,Early Career,Medium
1360,1915,3,8,4,3,1,2,34,3,2,2,Yes,3,0,735,75,16495,8103,12,4,4,3,3,2,9,3,4,2,0,1,No,1,Below College,26-35,High Salary,Early Career,Very High
1363,1922,2,1,4,2,2,3,45,1,2,3,No,4,0,1297,44,14511,5399,12,2,3,3,3,3,12,3,4,2,0,3,No,4,Master,36-45,Meduim Salary,Early Career,High
1377,1940,2,7,2,3,2,1,38,9,1,3,No,2,2,1206,71,14293,4771,19,2,4,4,3,4,10,0,5,2,0,3,No,2,College,36-45,Meduim Salary,Early Career,Very High
1441,2025,2,5,2,2,1,1,36,4,2,3,No,7,3,688,97,9192,5131,13,4,2,2,3,3,18,3,4,2,0,2,No,2,College,36-45,Meduim Salary,Early Career,Medium
1466,2061,2,3,4,2,2,2,36,23,2,4,No,4,1,884,41,12290,2571,17,3,4,3,3,3,17,3,5,2,0,3,No,2,College,36-45,Low Salary,Early Career,Very High
2,2,2,7,2,2,2,2,49,8,2,2,No,1,1,279,61,24907,5130,23,3,2,4,4,3,10,3,10,7,1,7,No,1,Below College,46-55,Meduim Salary,Experienced,Medium
9,12,2,5,2,2,2,3,38,23,3,2,No,0,0,216,44,8787,9526,21,4,3,2,4,3,10,2,9,7,1,8,No,3,Bachelor,36-45,High Salary,Experienced,High
21,26,2,5,5,1,1,1,24,11,2,4,No,0,1,673,96,8232,4011,18,1,3,4,3,2,5,5,4,2,1,3,No,2,College,18-25,Meduim Salary,Early Career,High
40,52,3,8,2,2,1,2,33,1,2,4,No,2,2,1141,42,3193,5376,19,3,1,1,3,3,10,3,5,3,1,3,No,3,Bachelor,26-35,Meduim Salary,Early Career,Low
44,56,3,8,2,2,2,3,27,8,3,3,No,1,0,994,37,2975,8726,15,4,3,4,3,3,9,0,9,8,1,7,No,3,Bachelor,26-35,High Salary,Experienced,High
57,74,3,8,2,2,2,2,35,18,3,3,No,1,1,853,71,11031,9069,22,2,1,4,4,2,9,3,9,8,1,8,No,5,Doctor,26-35,High Salary,Experienced,Low
71,91,3,8,2,2,1,3,59,1,2,2,No,7,0,1225,57,24668,5473,11,1,3,4,3,2,20,2,4,3,1,3,No,1,Below College,56+,Meduim Salary,Early Career,High
84,107,2,7,4,1,1,1,38,6,2,1,Yes,7,3,573,79,15717,5329,12,2,4,4,3,3,17,3,13,11,1,9,No,3,Bachelor,36-45,Meduim Salary,Long-Term,Very High
103,137,2,3,2,2,1,3,20,6,1,2,Yes,1,0,871,66,19783,2926,18,4,4,2,3,3,1,5,1,0,1,0,Yes,3,Bachelor,18-25,Low Salary,New Employee,Very High
189,256,2,5,2,2,2,2,34,2,2,2,No,1,0,1069,45,14074,9547,17,4,3,3,3,2,10,2,10,9,1,9,No,1,Below College,26-35,High Salary,Experienced,High
202,275,2,5,2,1,2,1,49,18,2,3,Yes,1,2,1002,92,23793,6804,15,4,4,1,3,3,7,0,7,7,1,7,No,4,Master,46-55,Meduim Salary,Experienced,Very High
208,286,2,3,4,2,1,3,36,18,1,3,No,1,0,635,73,7703,2153,13,2,4,1,3,3,8,2,8,1,1,7,No,1,Below College,36-45,Low Salary,Experienced,Very High
225,308,2,5,4,1,2,2,31,1,2,1,No,0,1,979,90,4381,4345,12,3,3,4,3,3,6,2,5,4,1,4,No,4,Master,26-35,Meduim Salary,Early Career,High
260,355,2,3,4,2,2,3,31,29,1,2,No,0,0,307,71,11652,3479,11,3,2,2,3,4,6,2,5,4,1,4,Yes,2,College,26-35,Meduim Salary,Early Career,Medium
268,369,2,1,2,1,2,1,25,5,2,4,No,1,2,675,85,18384,4000,12,2,1,4,3,3,6,2,6,3,1,5,No,2,College,18-25,Meduim Salary,Experienced,Low
279,384,2,5,2,2,1,1,26,1,2,3,No,1,1,1479,84,26767,6397,20,3,2,1,4,1,6,6,6,5,1,4,No,3,Bachelor,26-35,Meduim Salary,Experienced,Medium
316,430,2,3,2,2,1,3,43,10,1,3,No,0,0,185,33,10675,2455,19,3,4,1,3,3,9,5,8,7,1,7,No,4,Master,36-45,Low Salary,Experienced,Very High
332,449,3,8,3,1,2,2,27,1,2,3,Yes,0,1,210,73,22107,6349,13,3,2,4,3,3,6,0,5,4,1,4,No,1,Below College,26-35,Meduim Salary,Early Career,Medium
360,481,3,8,4,2,2,2,36,3,3,2,No,4,1,541,48,7246,9699,11,1,4,1,3,3,16,2,13,9,1,12,No,4,Master,36-45,High Salary,Long-Term,Very High
401,531,2,4,2,2,2,1,39,1,5,3,Yes,1,1,1218,52,8213,19197,14,2,3,3,3,3,21,3,21,8,1,6,No,1,Below College,36-45,Very High Salary,Long-Term,High
416,555,3,9,3,2,1,1,34,6,1,1,No,0,1,296,33,12253,2351,16,4,3,4,3,2,3,3,2,2,1,0,Yes,2,College,26-35,Low Salary,New Employee,High
420,562,2,3,2,1,2,2,30,3,1,3,No,4,1,1400,53,16734,2097,15,3,4,3,3,1,9,3,5,3,1,4,No,3,Bachelor,26-35,Low Salary,Early Career,Very High
447,599,3,8,2,1,2,3,41,10,2,3,No,7,0,267,56,13430,6230,14,4,4,4,3,3,16,3,14,3,1,10,No,2,College,36-45,Meduim Salary,Long-Term,Very High
454,608,1,2,2,2,1,1,26,17,1,3,Yes,0,1,426,58,22808,2741,11,2,3,2,3,2,8,2,7,7,1,0,Yes,4,Master,26-35,Low Salary,Experienced,High
529,723,3,8,6,2,2,2,50,8,2,3,Yes,3,1,562,50,23452,6796,14,2,3,1,3,3,18,4,4,3,1,3,Yes,2,College,46-55,Meduim Salary,Early Career,High
534,729,3,8,2,2,2,2,40,5,3,2,Yes,5,1,580,48,23772,10475,21,4,1,3,4,3,20,2,18,13,1,12,No,4,Master,36-45,High Salary,Long-Term,Low
538,733,2,5,2,2,2,1,27,10,3,3,No,1,2,294,32,4809,8793,21,4,1,3,4,2,9,4,9,7,1,7,No,2,College,26-35,High Salary,Experienced,Low
544,744,2,3,4,1,2,3,44,24,1,1,No,2,0,381,49,2104,3708,14,1,3,3,3,3,9,5,5,2,1,4,No,3,Bachelor,36-45,Meduim Salary,Early Career,High
567,785,3,8,2,2,1,3,47,27,2,4,Yes,4,0,719,77,10339,6397,12,2,3,4,3,3,8,2,5,4,1,3,Yes,2,College,46-55,Meduim Salary,Early Career,High
577,800,3,8,3,2,2,2,27,8,2,3,No,0,1,829,84,24008,4342,19,3,4,2,3,3,5,3,4,2,1,1,No,1,Below College,26-35,Meduim Salary,Early Career,Very High
607,838,2,7,2,2,1,3,34,16,1,2,No,1,0,702,100,8306,2553,16,3,4,3,3,3,6,3,5,2,1,3,No,4,Master,26-35,Low Salary,Early Career,Very High
615,848,2,7,4,2,1,2,26,5,1,2,Yes,1,1,887,88,20898,2366,14,3,3,1,3,3,8,2,8,7,1,7,Yes,2,College,26-35,Low Salary,Experienced,High
704,983,3,8,6,1,1,3,38,10,2,3,Yes,1,0,152,85,19899,5666,13,3,4,2,3,3,6,1,5,3,1,3,No,3,Bachelor,36-45,Meduim Salary,Early Career,Very High
770,1068,2,7,4,2,1,1,26,1,1,2,No,1,2,921,66,25265,2007,13,1,3,3,3,3,5,5,5,3,1,3,No,1,Below College,26-35,Low Salary,Early Career,High
781,1082,2,1,6,1,2,3,28,24,3,2,No,1,0,1366,72,12355,8722,12,2,1,1,3,2,10,2,10,7,1,9,Yes,2,College,26-35,High Salary,Experienced,Low
824,1143,2,7,2,2,1,1,29,10,1,3,No,0,2,490,61,17940,3291,14,4,2,4,3,2,8,2,7,5,1,1,No,3,Bachelor,26-35,Meduim Salary,Experienced,Medium
891,1245,2,5,2,2,1,1,54,1,3,3,No,7,1,966,53,9659,10502,17,4,3,1,3,1,33,2,5,4,1,4,No,4,Master,46-55,High Salary,Early Career,High
912,1273,3,9,2,2,2,3,25,24,1,1,Yes,1,0,599,73,8040,1118,14,3,4,4,3,3,1,4,1,0,1,0,Yes,1,Below College,18-25,Low Salary,New Employee,Very High
924,1289,1,2,2,2,2,2,34,11,2,2,No,4,2,648,56,21833,4490,11,3,2,4,3,4,14,5,10,9,1,8,No,3,Bachelor,26-35,Meduim Salary,Experienced,Medium
932,1298,2,5,4,1,1,3,30,9,2,3,Yes,7,0,879,72,12858,4695,18,3,3,3,3,3,10,3,8,4,1,7,No,2,College,26-35,Meduim Salary,Experienced,High
961,1349,3,8,3,2,1,1,41,1,2,3,No,0,1,1018,66,4297,4103,17,3,1,4,3,3,10,2,9,3,1,7,No,3,Bachelor,36-45,Meduim Salary,Experienced,Low
962,1350,2,7,2,2,2,3,35,4,2,3,Yes,1,0,482,87,2690,4249,11,3,3,2,3,3,9,3,9,6,1,1,No,4,Master,26-35,Meduim Salary,Experienced,High
1007,1420,2,3,2,2,2,3,49,28,2,2,No,3,0,1475,97,22710,4284,20,1,1,1,4,3,20,2,4,3,1,3,Yes,2,College,46-55,Meduim Salary,Early Career,Low
1016,1431,2,7,5,2,2,1,34,1,1,3,No,5,2,560,91,20284,2996,14,4,1,3,3,3,10,2,4,3,1,3,No,4,Master,26-35,Low Salary,Early Career,Low
1023,1440,2,3,6,1,2,3,37,5,1,4,No,0,0,1413,84,25470,3500,14,3,3,1,3,1,7,2,6,5,1,3,No,2,College,36-45,Meduim Salary,Experienced,High
1071,1507,3,8,2,2,2,3,28,7,2,3,No,0,0,467,55,11827,4898,14,3,1,4,3,3,5,5,4,2,1,3,No,3,Bachelor,26-35,Meduim Salary,Early Career,Low
1077,1520,2,4,4,2,1,1,54,11,4,3,No,3,1,1050,87,24456,16032,20,2,4,1,4,3,26,2,14,9,1,12,No,4,Master,46-55,Very High Salary,Long-Term,Very High
1126,1590,2,1,2,2,2,1,29,2,2,3,No,1,1,995,87,24483,8853,19,1,4,4,3,4,6,0,6,4,1,3,No,1,Below College,26-35,High Salary,Experienced,Very High
1138,1605,2,7,5,1,1,2,22,26,1,2,Yes,1,0,457,85,10293,2814,14,2,3,2,3,2,4,2,4,2,1,3,No,2,College,18-25,Low Salary,Early Career,High
1169,1646,2,7,6,2,1,3,24,2,1,3,Yes,1,0,567,32,17218,3760,13,1,4,3,3,3,6,2,6,3,1,3,No,1,Below College,18-25,Meduim Salary,Experienced,Very High
1212,1700,3,8,4,2,2,1,37,1,2,1,No,1,2,1278,31,7677,9525,14,3,4,3,3,2,6,2,6,3,1,3,No,4,Master,36-45,High Salary,Experienced,Very High
1216,1704,2,7,4,2,2,3,35,2,1,2,Yes,0,0,146,79,13970,4930,14,1,4,3,3,4,6,2,5,4,1,4,No,4,Master,26-35,Meduim Salary,Early Career,Very High
1227,1720,2,7,2,2,2,2,32,10,1,3,No,6,1,585,56,17360,3433,13,1,3,1,3,2,10,3,5,2,1,3,No,3,Bachelor,26-35,Meduim Salary,Early Career,High
1240,1736,2,5,6,2,1,3,31,24,2,3,No,2,0,163,30,6670,5238,20,4,4,4,4,2,9,3,5,4,1,4,No,1,Below College,26-35,Meduim Salary,Early Career,Very High
1254,1756,3,8,3,1,1,3,33,2,2,3,No,8,0,1283,62,10697,5147,15,4,2,4,3,2,13,2,11,7,1,7,No,3,Bachelor,26-35,Meduim Salary,Long-Term,Medium
1266,1771,2,7,6,1,2,1,33,4,2,3,No,5,2,775,90,6194,3055,15,4,2,4,3,2,11,2,9,8,1,7,No,3,Bachelor,26-35,Meduim Salary,Experienced,Medium
1289,1804,2,5,4,1,2,1,35,2,2,3,No,2,1,1180,90,24442,5762,14,2,4,3,3,3,15,6,7,7,1,7,No,2,College,26-35,Meduim Salary,Experienced,Very High
1333,1868,2,7,2,2,2,3,29,24,1,2,Yes,1,0,459,73,14753,2439,24,4,4,2,4,2,1,3,1,0,1,0,Yes,2,College,26-35,Low Salary,New Employee,Very High
1371,1934,2,7,6,1,2,2,47,14,2,3,No,8,1,1169,64,2125,5467,18,3,2,3,3,4,16,4,8,7,1,7,No,4,Master,46-55,Meduim Salary,Experienced,Medium
1382,1947,2,7,4,1,2,3,28,16,1,3,No,1,0,1103,49,2122,2144,14,3,3,3,3,2,5,3,5,3,1,4,No,3,Bachelor,26-35,Low Salary,Early Career,High
1438,2022,2,4,2,1,2,3,39,9,5,3,No,2,0,105,87,15302,19431,13,4,4,3,3,2,21,3,6,0,1,3,No,3,Bachelor,36-45,Very High Salary,Experienced,Very High
1439,2023,3,9,3,2,2,2,23,9,1,3,No,1,1,638,33,26956,1790,19,4,1,1,3,2,1,3,1,0,1,0,Yes,3,Bachelor,18-25,Low Salary,New Employee,Low
1442,2026,2,1,2,1,2,1,56,1,2,3,No,1,1,667,57,26236,6306,21,3,3,1,4,2,13,2,13,12,1,9,No,4,Master,56+,Meduim Salary,Long-Term,High
1464,2057,2,5,4,1,2,3,31,5,2,3,No,0,0,325,74,3787,9936,19,2,1,2,3,3,10,2,9,4,1,7,No,3,Bachelor,26-35,High Salary,Experienced,Low
53,68,3,8,3,3,1,1,44,1,2,3,Yes,5,1,1488,75,4009,5454,21,2,1,3,4,2,9,2,4,3,1,3,No,5,Doctor,36-45,Meduim Salary,Early Career,Low
83,106,3,8,2,3,2,2,55,1,3,3,No,3,1,111,70,18092,10239,14,1,4,4,3,3,24,4,1,0,1,0,No,2,College,46-55,High Salary,New Employee,Very High
92,120,3,8,3,3,2,3,51,21,2,3,Yes,0,0,632,71,8423,5441,22,3,4,4,4,1,11,2,10,7,1,0,No,4,Master,46-55,Meduim Salary,Experienced,Very High
99,131,3,8,4,3,2,3,58,10,4,3,No,0,0,682,37,24409,13872,13,4,3,3,3,2,38,1,37,10,1,8,No,4,Master,56+,High Salary,Long-Term,High
116,152,3,8,2,3,2,3,37,3,3,3,No,2,0,1189,87,14506,7428,12,3,4,1,3,3,12,3,5,3,1,3,No,3,Bachelor,36-45,High Salary,Early Career,Very High
206,283,3,8,3,3,1,2,29,27,3,3,No,1,3,121,35,24525,7639,22,2,4,4,4,2,10,3,10,4,1,9,Yes,3,Bachelor,26-35,High Salary,Experienced,Very High
236,327,3,4,3,3,1,2,43,16,4,3,Yes,5,1,1034,80,7744,16064,22,4,4,3,4,3,22,3,17,13,1,9,No,3,Bachelor,36-45,Very High Salary,Long-Term,Very High
311,424,1,2,1,3,2,2,31,2,2,2,No,3,0,106,62,17822,6410,12,1,1,4,3,3,9,1,2,2,1,0,No,3,Bachelor,26-35,Meduim Salary,New Employee,Low
322,438,3,8,3,3,2,1,31,7,2,3,No,4,3,691,73,7143,7547,12,4,4,4,3,3,13,3,7,7,1,7,No,3,Bachelor,26-35,High Salary,Experienced,Very High
344,463,3,8,3,3,1,1,29,10,2,2,Yes,1,2,144,39,11866,8268,14,4,2,1,3,3,7,2,7,7,1,7,No,1,Below College,26-35,High Salary,Experienced,Medium
351,470,1,2,6,3,2,1,42,2,1,3,Yes,0,1,544,52,24017,2696,11,3,3,3,3,3,4,5,3,2,1,0,No,1,Below College,36-45,Low Salary,Early Career,High
369,492,3,8,3,3,2,2,40,22,2,2,Yes,2,2,575,68,6110,6380,12,3,3,1,3,3,8,6,6,4,1,0,Yes,2,College,36-45,Meduim Salary,Experienced,High
388,516,3,8,3,3,1,1,40,2,2,3,No,7,2,759,46,22553,5715,12,4,2,3,3,3,8,5,5,4,1,3,No,2,College,36-45,Meduim Salary,Early Career,Medium
398,527,3,8,2,3,1,3,25,4,2,2,Yes,1,0,891,99,12090,4487,11,2,4,2,3,3,5,3,5,4,1,3,No,2,College,18-25,Meduim Salary,Early Career,Very High
415,554,3,9,6,3,1,3,24,1,1,3,Yes,1,0,1448,62,21972,3202,16,1,2,2,3,3,6,4,5,3,1,4,Yes,1,Below College,18-25,Meduim Salary,Early Career,Medium
418,558,3,4,2,3,1,2,40,2,5,3,No,0,0,1398,79,13022,18041,14,3,3,4,3,3,21,2,20,15,1,12,No,4,Master,36-45,Very High Salary,Long-Term,High
476,641,3,8,3,3,2,2,26,28,2,3,No,1,2,703,66,7428,6272,20,1,2,4,4,4,6,5,5,3,1,4,No,2,College,26-35,Meduim Salary,Early Career,Medium
487,656,3,8,3,3,2,2,37,2,2,3,Yes,4,1,558,75,3010,9602,11,4,3,3,3,2,17,3,3,0,1,0,No,3,Bachelor,36-45,High Salary,Early Career,High
533,728,3,8,3,3,2,3,47,14,2,3,No,2,0,703,42,11825,4960,12,4,1,4,3,3,20,2,7,7,1,7,No,4,Master,46-55,Meduim Salary,Experienced,Low
562,776,3,4,3,3,2,2,52,3,4,2,No,1,0,621,31,10084,16856,11,3,1,1,3,4,34,3,34,6,1,16,No,4,Master,46-55,Very High Salary,Long-Term,Low
564,781,3,8,4,3,1,3,25,26,2,3,No,1,0,883,32,22807,6180,23,3,4,2,4,2,6,5,6,5,1,4,No,1,Below College,18-25,Meduim Salary,Experienced,Very High
568,786,3,8,5,3,2,3,34,2,2,3,No,1,0,304,60,18686,6274,22,4,4,3,4,3,6,5,6,5,1,4,No,3,Bachelor,26-35,Meduim Salary,Experienced,Very High
699,975,3,8,4,3,1,2,35,18,2,3,No,1,0,1219,86,6179,4601,16,3,3,2,3,3,5,3,5,2,1,0,No,3,Bachelor,26-35,Meduim Salary,Early Career,High
756,1045,3,4,2,3,1,2,45,11,4,3,No,3,1,1234,90,5404,17650,13,4,4,2,3,4,26,4,9,3,1,1,No,2,College,36-45,Very High Salary,Experienced,Very High
835,1163,3,8,2,3,1,2,34,9,2,3,No,1,0,1400,70,5829,5714,20,2,3,1,4,2,6,3,6,5,1,3,No,1,Below College,26-35,Meduim Salary,Experienced,High
836,1164,1,2,6,3,2,3,35,8,1,3,No,1,0,528,100,7108,4323,17,3,3,2,3,1,6,2,5,4,1,4,No,4,Master,26-35,Meduim Salary,Early Career,High
840,1171,3,8,3,3,2,3,42,4,2,3,No,7,0,647,45,2253,5155,13,2,1,4,3,4,9,3,6,4,1,5,No,4,Master,36-45,Meduim Salary,Experienced,Low
845,1179,3,8,3,3,2,2,30,10,2,2,No,1,1,852,72,2706,6578,18,3,3,1,3,3,10,3,10,3,1,4,No,3,Bachelor,26-35,Meduim Salary,Experienced,High
850,1188,3,8,3,3,1,3,43,9,2,1,No,8,0,1372,85,9489,5346,13,1,3,2,3,2,7,2,4,3,1,3,Yes,3,Bachelor,36-45,Meduim Salary,Early Career,High
864,1207,1,2,1,3,2,2,33,2,1,3,No,1,1,147,99,8429,3600,13,2,3,4,3,3,5,2,5,4,1,4,No,3,Bachelor,26-35,Meduim Salary,Early Career,High
871,1218,3,8,2,3,2,2,35,17,2,3,Yes,3,3,1361,94,21026,8966,15,3,1,4,3,3,15,2,7,7,1,7,No,4,Master,26-35,High Salary,Experienced,Low
880,1233,3,8,3,3,2,1,60,7,2,4,Yes,0,1,696,52,10893,5220,18,2,4,2,3,3,12,3,11,7,1,9,No,4,Master,56+,Meduim Salary,Long-Term,Very High
885,1239,3,8,6,3,1,1,40,10,2,2,No,7,1,107,84,11591,6852,12,2,2,2,3,4,7,2,5,1,1,3,No,3,Bachelor,36-45,Meduim Salary,Early Career,Medium
886,1240,3,8,2,3,2,3,25,10,2,3,No,0,0,1356,57,20623,4950,14,3,4,2,3,3,5,4,4,3,1,1,No,4,Master,18-25,Meduim Salary,Early Career,Very High
914,1277,3,4,3,3,1,3,45,2,5,1,Yes,2,0,1449,94,2493,18824,16,1,2,1,3,3,26,2,24,10,1,11,Yes,3,Bachelor,36-45,Very High Salary,Long-Term,Medium
947,1318,3,8,3,3,2,3,40,25,3,2,Yes,2,0,299,57,17235,9094,12,4,2,3,3,3,9,2,5,4,1,0,Yes,4,Master,36-45,High Salary,Early Career,Medium
964,1355,3,8,2,3,1,1,38,2,2,3,No,3,1,1009,31,19461,6893,15,2,1,4,3,3,11,3,7,7,1,7,No,2,College,36-45,Meduim Salary,Experienced,Low
987,1390,3,8,2,3,2,2,39,21,2,2,Yes,3,2,1498,44,3567,6120,12,1,4,4,3,4,8,2,5,4,1,4,No,4,Master,36-45,Meduim Salary,Early Career,Very High
1042,1469,3,8,4,3,2,3,28,5,2,3,No,0,0,866,84,23490,8463,18,4,1,4,3,3,6,4,5,4,1,3,No,3,Bachelor,26-35,High Salary,Early Career,Low
1065,1499,1,2,2,3,2,1,30,1,1,3,No,0,1,330,46,15428,2064,21,3,3,1,4,4,6,3,5,3,1,3,No,3,Bachelor,26-35,Low Salary,Early Career,High
1110,1568,3,8,6,3,2,2,30,29,3,3,No,3,1,1288,33,17799,9250,12,3,2,2,3,3,9,3,4,2,1,3,No,4,Master,26-35,High Salary,Early Career,Medium
1155,1625,1,4,2,3,1,2,47,26,5,3,No,3,1,1176,98,5220,19658,11,4,3,3,3,3,27,2,5,2,1,0,No,4,Master,46-55,Very High Salary,Early Career,High
1173,1650,3,8,4,3,2,3,29,10,2,2,No,9,0,469,42,23413,5869,11,3,3,3,3,3,8,2,5,2,1,4,No,3,Bachelor,26-35,Meduim Salary,Early Career,High
1252,1754,3,8,3,3,2,1,30,15,3,2,No,2,1,979,94,3088,7140,11,3,1,1,3,3,12,2,7,7,1,7,No,2,College,26-35,High Salary,Experienced,Low
1270,1778,1,2,2,3,2,3,43,2,1,3,No,0,0,244,97,5033,3539,13,2,4,2,3,3,10,5,9,7,1,8,No,3,Bachelor,36-45,Meduim Salary,Experienced,Very High
1272,1780,3,9,3,3,2,3,21,7,1,3,No,1,0,337,31,4567,2679,13,2,2,2,3,3,1,3,1,0,1,0,Yes,1,Below College,18-25,Low Salary,New Employee,Medium
1298,1818,1,2,4,3,1,2,26,20,1,3,Yes,0,0,920,69,6889,2148,11,4,2,3,3,3,6,3,5,1,1,4,Yes,2,College,26-35,Low Salary,Early Career,Medium
1341,1880,3,8,6,3,1,2,36,10,2,2,Yes,1,1,1266,63,6060,5673,13,2,3,1,3,3,10,4,10,9,1,7,No,4,Master,36-45,Meduim Salary,Experienced,High
1343,1882,3,8,2,3,2,2,34,4,3,3,Yes,2,3,1480,64,24444,9713,13,3,4,4,3,3,9,3,5,3,1,0,No,3,Bachelor,26-35,High Salary,Early Career,Very High
1356,1908,3,8,3,3,2,2,36,17,2,2,No,2,2,335,33,16822,5507,16,3,2,3,3,1,12,1,4,2,1,3,No,2,College,36-45,Meduim Salary,Early Career,Medium
1357,1909,3,8,3,3,1,2,41,8,2,3,No,5,1,337,54,26841,4393,21,3,2,3,4,3,14,3,5,4,1,4,No,3,Bachelor,36-45,Meduim Salary,Early Career,Medium
1359,1912,3,8,4,3,1,1,31,10,2,3,Yes,2,1,1079,86,20115,6583,11,3,4,4,3,3,8,2,5,2,1,4,No,2,College,26-35,Meduim Salary,Early Career,Very High
1386,1951,3,8,4,3,2,1,34,13,3,3,No,1,1,1239,39,22914,8628,18,4,3,3,3,2,9,2,8,7,1,1,No,4,Master,26-35,High Salary,Experienced,High
1402,1973,1,4,1,3,2,2,55,26,5,4,Yes,4,1,189,71,25811,19636,18,3,2,1,3,3,35,0,10,9,1,4,No,4,Master,46-55,Very High Salary,Experienced,Medium
1447,2035,3,8,3,3,1,2,34,28,2,2,No,1,2,704,95,8978,6712,21,4,3,4,4,3,8,2,8,7,1,7,No,3,Bachelor,26-35,Meduim Salary,Experienced,High
1451,2040,1,2,2,3,1,3,35,26,3,3,Yes,1,0,1146,31,16642,8837,16,3,4,3,3,3,9,2,9,0,1,7,No,4,Master,26-35,High Salary,Experienced,Very High
1452,2041,3,8,2,3,1,2,38,10,2,3,No,1,1,345,100,5982,5343,11,1,4,3,3,3,10,1,10,7,1,9,No,2,College,36-45,Meduim Salary,Experienced,Very High
25,31,2,7,4,3,2,3,34,6,1,3,No,2,0,699,83,17102,2960,11,2,1,3,3,3,8,2,4,2,1,3,Yes,1,Below College,26-35,Low Salary,Early Career,Low
178,243,2,3,2,3,2,3,19,2,1,2,No,1,0,303,47,9241,1102,22,2,4,3,4,2,1,3,1,0,1,0,Yes,3,Bachelor,18-25,Low Salary,New Employee,Very High
218,300,2,7,6,3,2,3,29,1,1,3,No,0,0,992,85,19757,2058,14,3,3,4,3,2,7,1,6,2,1,5,Yes,3,Bachelor,26-35,Low Salary,Experienced,High
237,328,2,3,2,3,1,2,33,2,1,3,No,7,0,465,39,21509,2707,20,1,1,1,4,4,13,3,9,7,1,7,Yes,2,College,26-35,Low Salary,Experienced,Low
422,565,2,7,6,3,1,2,29,25,1,2,No,5,0,408,71,18300,2546,16,3,2,2,3,4,6,2,2,2,1,1,Yes,5,Doctor,26-35,Low Salary,New Employee,Medium
437,584,2,3,4,3,2,1,33,10,1,1,No,7,3,587,38,6705,3408,13,1,4,1,3,3,8,2,4,3,1,3,Yes,1,Below College,26-35,Meduim Salary,Early Career,Very High
514,701,2,7,4,3,2,3,20,10,1,3,Yes,1,0,1362,32,26999,1009,11,4,3,4,3,3,1,5,1,0,1,1,Yes,1,Below College,18-25,Low Salary,New Employee,High
569,787,2,4,4,3,2,2,55,2,5,3,Yes,5,1,725,78,21199,19859,13,4,1,4,3,3,24,2,5,2,1,4,Yes,3,Bachelor,46-55,Very High Salary,Early Career,Low
668,927,2,3,2,3,1,1,41,2,1,1,Yes,4,1,1085,57,17725,2778,13,2,4,3,3,2,10,1,7,7,1,0,Yes,4,Master,36-45,Low Salary,Experienced,Very High
778,1079,2,3,2,3,1,3,21,10,1,2,No,1,0,1334,36,17258,1416,13,3,1,1,3,2,1,6,1,0,1,0,Yes,3,Bachelor,18-25,Low Salary,New Employee,Low
940,1309,2,3,2,3,2,2,32,7,2,3,No,1,1,1089,79,22845,4883,18,4,3,1,3,3,10,3,10,4,1,1,Yes,2,College,26-35,Meduim Salary,Experienced,High
1084,1534,2,3,2,3,2,3,40,9,1,3,No,3,0,676,86,21831,2018,14,4,1,2,3,1,15,3,5,4,1,0,Yes,4,Master,36-45,Low Salary,Early Career,Low
1112,1572,2,5,6,3,1,2,53,2,3,2,No,0,1,607,78,14618,10169,16,3,4,2,3,3,34,4,33,7,1,9,Yes,5,Doctor,46-55,High Salary,Long-Term,Very High
1113,1573,2,5,4,3,2,2,38,2,2,3,No,4,2,903,81,7653,4855,11,3,2,1,3,3,7,2,5,2,1,4,Yes,3,Bachelor,36-45,Meduim Salary,Early Career,Medium
1355,1907,2,3,2,3,2,3,56,24,1,3,No,1,0,1162,97,10261,2587,16,1,4,4,3,3,5,3,4,2,1,0,Yes,2,College,56+,Low Salary,Early Career,Very High
32,40,2,1,5,3,2,2,44,10,2,3,Yes,2,0,1459,41,19121,6465,13,4,4,4,3,4,9,5,4,2,1,3,No,4,Master,36-45,Meduim Salary,Early Career,Very High
33,41,2,3,4,3,2,3,30,9,1,2,No,1,0,125,83,16117,2206,13,4,3,1,3,3,10,5,10,0,1,8,No,2,College,26-35,Low Salary,Experienced,High
36,46,2,7,4,3,1,1,43,2,1,4,No,1,2,1273,72,21923,2645,12,4,3,4,3,2,6,3,5,3,1,4,No,2,College,36-45,Low Salary,Early Career,High
59,76,2,3,2,3,2,1,31,7,2,3,No,3,1,655,48,9528,5915,22,4,4,4,4,2,10,3,7,7,1,7,No,4,Master,26-35,Meduim Salary,Experienced,Very High
73,95,2,7,4,3,2,3,31,1,1,3,No,1,0,1082,87,18775,2501,17,3,2,2,3,3,1,4,1,1,1,0,No,4,Master,26-35,Low Salary,New Employee,Medium
76,98,2,5,2,3,1,3,31,8,2,3,No,1,0,746,61,20682,4424,23,3,4,4,4,3,11,2,11,7,1,8,No,4,Master,26-35,Meduim Salary,Long-Term,Very High
85,110,2,5,4,3,2,2,34,1,2,3,No,1,0,1153,94,17736,4325,15,1,2,3,3,3,5,2,5,2,1,3,No,2,College,26-35,Meduim Salary,Early Career,Medium
149,200,2,3,2,3,2,2,41,9,1,3,No,2,1,933,94,6961,2238,21,3,1,4,4,3,7,2,5,0,1,4,No,4,Master,36-45,Low Salary,Early Career,Low
164,223,2,1,2,3,2,1,57,24,3,4,Yes,3,1,334,83,23402,9439,16,3,4,2,3,1,12,2,5,3,1,4,No,2,College,56+,High Salary,Early Career,Very High
167,227,2,7,2,3,2,1,41,14,1,3,No,4,1,465,56,4609,2451,12,1,3,1,3,3,13,2,9,8,1,8,No,3,Bachelor,36-45,Low Salary,Experienced,High
170,231,2,7,2,3,2,3,32,6,1,3,No,3,0,120,43,12430,3038,20,3,3,1,4,3,8,2,5,4,1,4,No,5,Doctor,26-35,Meduim Salary,Early Career,High
171,233,2,7,6,3,2,2,27,17,1,3,Yes,0,1,1157,51,13364,3058,16,3,2,4,3,2,6,3,5,2,1,1,No,3,Bachelor,26-35,Meduim Salary,Early Career,Medium
185,250,2,5,4,3,1,1,53,13,2,4,No,1,2,1084,57,26250,4450,11,4,1,3,3,3,5,3,4,2,1,3,No,2,College,46-55,Meduim Salary,Early Career,Low
186,252,2,7,4,3,1,2,33,14,1,3,No,1,1,931,72,4673,2756,13,4,2,4,3,3,8,5,8,7,1,6,No,3,Bachelor,26-35,Low Salary,Experienced,Medium
190,258,2,1,4,3,1,3,51,3,4,3,No,3,0,313,98,7192,13734,18,4,2,3,3,3,21,6,7,7,1,0,No,3,Bachelor,46-55,High Salary,Experienced,Medium
196,267,2,7,2,3,2,2,37,21,1,4,Yes,1,1,290,65,22977,3564,12,2,1,1,3,2,8,3,8,7,1,7,No,3,Bachelor,36-45,Meduim Salary,Experienced,Low
200,273,2,5,6,3,2,2,38,29,2,3,No,3,1,1084,54,4185,6261,18,4,4,1,3,1,9,3,7,7,1,7,No,3,Bachelor,36-45,Meduim Salary,Experienced,Very High
222,305,2,7,4,3,1,2,33,4,1,2,No,6,0,147,47,13248,2622,21,3,2,4,4,3,7,3,3,2,1,1,No,4,Master,26-35,Low Salary,Early Career,Medium
245,336,2,4,5,3,2,2,45,1,5,4,No,0,1,252,70,15970,19202,11,3,4,3,3,3,25,2,24,0,1,7,No,3,Bachelor,36-45,Very High Salary,Long-Term,Very High
253,346,2,7,2,3,2,3,29,15,1,3,No,1,0,665,60,22673,2340,19,3,4,1,3,3,6,1,6,5,1,5,No,3,Bachelor,26-35,Low Salary,Experienced,Very High
275,379,2,7,4,3,2,3,21,3,1,2,No,1,0,996,100,10531,3230,17,4,3,1,3,4,3,4,3,2,1,0,No,2,College,18-25,Meduim Salary,Early Career,High
280,385,2,6,2,3,2,1,50,4,5,3,No,3,2,797,96,15815,19144,14,1,2,1,3,2,28,4,10,4,1,6,No,1,Below College,46-55,Very High Salary,Experienced,Medium
281,386,2,6,4,3,2,2,53,3,4,3,Yes,3,3,1070,45,21016,17584,16,3,3,4,3,2,21,5,5,3,1,3,No,4,Master,46-55,Very High Salary,Early Career,High
325,441,2,7,4,3,1,2,30,28,2,3,No,1,2,1275,64,11934,5775,13,4,4,4,3,3,11,2,10,8,1,9,No,2,College,26-35,Meduim Salary,Experienced,Very High
330,447,2,6,2,3,2,2,47,5,5,3,No,4,1,1482,42,16375,18300,11,4,3,2,3,3,21,2,3,2,1,1,No,5,Doctor,46-55,Very High Salary,Early Career,High
362,483,2,3,2,3,1,2,40,10,1,4,Yes,3,1,1171,46,22495,2213,13,4,3,3,3,3,10,3,7,7,1,7,No,4,Master,36-45,Low Salary,Experienced,High
368,491,2,1,6,3,2,3,50,10,3,2,No,6,0,1046,100,2755,10496,15,4,4,4,3,3,20,2,4,3,1,3,No,3,Bachelor,46-55,High Salary,Early Career,Very High
405,536,2,3,4,3,2,1,28,17,2,3,No,1,1,1300,79,13535,4558,12,3,1,4,3,3,10,2,10,0,1,8,No,2,College,26-35,Meduim Salary,Experienced,Low
409,546,2,4,2,3,1,2,52,4,4,3,No,2,0,1490,30,10310,16555,13,4,4,4,3,1,31,2,5,2,1,4,No,2,College,46-55,Very High Salary,Early Career,Very High
475,639,2,7,4,3,2,2,24,23,1,4,Yes,1,2,691,89,21630,2725,11,2,4,2,3,3,6,3,6,5,1,4,No,3,Bachelor,18-25,Low Salary,Experienced,Very High
482,649,2,7,2,3,2,2,34,1,1,2,Yes,1,1,254,83,22794,3622,13,2,4,4,3,3,6,3,6,5,1,3,No,2,College,26-35,Meduim Salary,Experienced,Very High
513,700,2,7,4,3,2,3,27,3,1,2,No,0,0,1115,54,15174,2045,13,1,4,4,3,3,5,0,4,2,1,1,No,4,Master,26-35,Low Salary,Early Career,Very High
530,724,2,1,2,3,1,3,38,1,2,4,No,0,0,827,33,19383,7625,13,2,4,3,3,2,10,4,9,7,1,8,No,4,Master,36-45,High Salary,Experienced,Very High
535,730,2,6,2,3,2,2,53,7,4,4,No,3,0,970,59,13514,14814,19,3,3,3,3,3,32,3,5,1,1,3,No,3,Bachelor,46-55,High Salary,Early Career,High
553,762,2,1,4,3,2,2,56,9,4,3,No,7,0,832,81,20420,11103,11,3,4,3,3,2,30,1,10,7,1,1,No,3,Bachelor,56+,High Salary,Experienced,Very High
573,793,2,1,4,3,1,2,29,27,2,3,No,4,1,657,66,25549,4335,12,2,3,1,3,2,11,3,8,7,1,1,No,3,Bachelor,26-35,Meduim Salary,Experienced,High
575,797,2,7,2,3,1,3,34,1,1,4,No,2,0,182,72,13551,3280,16,2,4,3,3,3,10,2,4,2,1,3,No,4,Master,26-35,Meduim Salary,Early Career,Very High
576,799,2,5,4,3,1,1,54,19,2,3,Yes,9,2,376,95,22670,5485,11,4,1,2,3,3,9,4,5,3,1,4,No,4,Master,46-55,Meduim Salary,Early Career,Low
580,804,2,7,4,3,1,3,34,2,1,2,No,1,0,121,86,7530,4381,11,3,1,3,3,3,6,3,6,5,1,3,No,4,Master,26-35,Meduim Salary,Experienced,Low
588,813,2,3,2,3,1,2,52,11,2,3,No,8,1,1325,82,21821,3149,20,4,3,2,4,3,9,3,5,2,1,4,No,4,Master,46-55,Meduim Salary,Early Career,High
610,843,2,6,2,3,2,2,43,14,4,3,No,6,1,589,94,5200,17159,24,2,1,3,4,3,22,3,4,1,1,0,No,2,College,36-45,Very High Salary,Early Career,Low
612,845,2,5,5,3,2,3,35,7,3,3,No,3,0,950,59,18869,10221,21,3,3,2,4,4,17,3,8,5,1,6,No,3,Bachelor,26-35,High Salary,Experienced,High
621,856,2,7,4,3,1,3,35,27,1,2,No,1,0,1343,53,17852,2559,11,3,1,4,3,2,6,3,6,5,1,1,No,1,Below College,26-35,Low Salary,Experienced,Low
627,865,2,7,4,3,1,2,32,8,2,4,No,5,1,638,91,22162,5175,12,3,3,3,3,2,9,3,5,3,1,3,No,2,College,26-35,Meduim Salary,Early Career,High
644,894,2,3,2,3,1,2,42,3,2,4,Yes,2,1,1265,95,23726,5231,13,3,4,2,3,2,17,1,5,3,1,3,No,3,Bachelor,36-45,Meduim Salary,Early Career,Very High
672,934,2,3,2,3,2,1,34,10,1,3,No,1,2,546,83,6896,2008,14,2,2,2,3,3,1,3,1,0,1,0,No,3,Bachelor,26-35,Low Salary,New Employee,Medium
678,944,2,3,5,3,1,2,49,8,3,3,No,4,1,527,51,22477,7403,11,1,2,3,3,2,29,3,26,9,1,7,No,2,College,46-55,High Salary,Long-Term,Medium
695,969,2,1,2,3,1,3,33,1,2,2,No,0,0,1069,42,12291,6949,14,2,4,1,3,3,6,3,5,0,1,4,No,3,Bachelor,26-35,Meduim Salary,Early Career,Very High
715,997,2,6,4,3,2,1,50,1,4,3,No,9,1,1126,66,6615,17399,22,4,4,3,4,2,32,1,5,4,1,3,No,2,College,46-55,Very High Salary,Early Career,Very High
722,1005,2,5,2,3,2,2,50,24,4,3,Yes,3,1,939,95,4161,13973,18,4,3,4,3,3,22,2,12,11,1,5,No,3,Bachelor,46-55,High Salary,Long-Term,High
731,1015,2,6,2,3,1,2,30,8,3,4,Yes,0,3,153,73,17802,11416,12,2,1,3,3,2,9,4,8,7,1,7,No,2,College,26-35,High Salary,Experienced,Low
734,1018,2,5,4,3,2,2,26,2,2,4,No,1,0,1066,32,3334,5472,12,4,4,2,3,3,8,2,8,7,1,3,No,2,College,26-35,Meduim Salary,Experienced,Very High
735,1019,2,3,2,3,2,2,22,8,1,1,No,1,1,217,94,6881,2451,15,2,1,1,3,2,4,3,4,3,1,1,No,1,Below College,18-25,Low Salary,Early Career,Low
779,1080,2,7,2,3,1,1,46,8,2,2,Yes,8,3,1003,74,21029,4615,23,4,1,1,4,3,19,2,16,13,1,7,No,4,Master,46-55,Meduim Salary,Long-Term,Low
782,1083,2,3,4,3,2,2,26,1,1,2,No,1,2,192,59,11141,3955,16,1,1,1,3,3,6,2,5,3,1,3,No,2,College,26-35,Meduim Salary,Early Career,Low
785,1088,2,1,2,3,1,2,38,17,3,2,No,0,1,330,65,24608,8823,18,3,3,1,3,2,20,4,19,9,1,9,No,1,Below College,36-45,High Salary,Long-Term,High
789,1097,2,7,5,3,1,3,28,10,2,3,No,3,0,857,59,7909,3660,13,3,3,4,3,4,10,4,8,7,1,7,No,3,Bachelor,26-35,Meduim Salary,Experienced,High
809,1120,2,7,2,3,1,1,29,28,1,3,No,4,1,1107,93,26968,2514,22,3,4,1,4,3,11,1,7,5,1,7,No,4,Master,26-35,Low Salary,Experienced,Very High
810,1121,2,5,4,3,1,1,28,3,3,3,No,0,3,950,93,8039,7655,17,4,2,2,3,2,10,3,9,7,1,7,No,3,Bachelor,26-35,High Salary,Experienced,Medium
833,1161,2,1,4,3,1,1,37,25,2,2,No,7,2,367,52,17171,5731,13,3,4,3,3,3,9,2,6,2,1,3,No,2,College,36-45,Meduim Salary,Experienced,Very High
841,1172,2,3,4,3,2,2,35,1,1,2,No,6,1,982,58,16340,2258,12,4,3,2,3,3,10,2,8,0,1,7,No,4,Master,26-35,Low Salary,Experienced,High
860,1202,2,7,2,3,1,2,29,15,1,1,Yes,0,1,942,69,26933,2168,18,2,4,1,3,2,6,2,5,4,1,3,No,1,Below College,26-35,Low Salary,Early Career,Very High
874,1221,2,3,2,3,2,1,36,6,1,1,No,1,1,917,60,6865,2741,14,3,3,3,3,3,7,4,7,7,1,7,No,4,Master,36-45,Low Salary,Experienced,High
878,1228,2,5,6,3,2,1,46,2,2,3,No,2,1,150,60,17433,7379,11,4,4,3,3,2,12,3,6,3,1,4,No,4,Master,46-55,High Salary,Experienced,Very High
897,1252,2,1,4,3,1,3,31,24,2,2,No,1,0,1062,96,17198,6812,19,3,1,2,3,3,10,2,10,9,1,8,No,3,Bachelor,26-35,Meduim Salary,Experienced,Low
904,1260,2,1,2,3,2,1,29,7,2,3,Yes,1,2,1329,82,4204,6623,11,3,4,2,3,3,6,2,6,0,1,0,No,3,Bachelor,26-35,Meduim Salary,Experienced,Very High
906,1264,2,6,2,3,1,1,29,1,4,2,No,3,2,694,87,3423,16124,14,4,4,2,3,2,9,2,7,7,1,7,No,3,Bachelor,26-35,Very High Salary,Experienced,Very High
943,1312,2,1,6,3,1,2,36,10,3,3,No,3,0,325,63,5747,7094,12,4,3,1,3,3,10,0,7,7,1,7,No,4,Master,36-45,High Salary,Experienced,High
950,1322,2,5,2,3,2,3,39,18,2,3,No,0,0,524,32,13352,4534,11,1,3,1,3,3,9,6,8,7,1,7,No,2,College,36-45,Meduim Salary,Experienced,High
959,1344,2,1,2,3,2,1,34,9,3,3,No,0,1,943,86,5494,8500,11,4,4,4,3,2,10,0,9,7,1,6,No,3,Bachelor,26-35,High Salary,Experienced,Very High
990,1394,2,7,2,3,2,2,37,4,1,3,Yes,7,0,1439,54,5182,2996,15,3,3,4,3,3,8,2,6,4,1,3,No,1,Below College,36-45,Low Salary,Experienced,High
996,1402,2,7,4,3,1,3,43,6,2,2,Yes,1,0,930,73,20003,4081,14,1,3,1,3,1,20,3,20,7,1,8,No,3,Bachelor,36-45,Meduim Salary,Long-Term,High
999,1407,2,7,4,3,2,3,26,2,1,2,No,0,0,683,36,4050,3904,12,1,4,4,3,3,5,2,4,3,1,1,No,1,Below College,26-35,Meduim Salary,Early Career,Very High
1010,1423,2,6,4,3,1,2,58,1,5,3,Yes,3,1,1055,76,22456,19701,21,4,1,3,4,3,32,3,9,8,1,5,No,3,Bachelor,56+,Very High Salary,Experienced,Low
1015,1430,2,6,2,3,1,3,31,8,4,3,No,3,0,182,93,8847,16422,11,1,2,3,3,4,9,3,3,2,1,0,No,5,Doctor,26-35,Very High Salary,Early Career,Medium
1018,1434,2,3,2,3,2,2,27,11,1,3,No,0,0,1377,91,7679,2099,14,2,1,2,3,4,6,3,5,0,1,4,No,1,Below College,26-35,Low Salary,Early Career,Low
1019,1435,2,3,2,3,2,3,36,4,2,2,No,1,0,172,37,22604,5810,16,1,4,3,3,2,10,2,10,4,1,8,No,4,Master,36-45,Meduim Salary,Experienced,Very High
1024,1441,2,7,2,3,1,2,56,1,1,3,No,2,1,1255,90,10494,2066,22,1,1,4,4,4,5,3,3,2,1,0,No,2,College,56+,Low Salary,Early Career,Low
1047,1475,2,7,2,3,2,3,44,20,1,3,No,1,0,1467,49,21158,3420,13,4,2,3,3,2,6,3,5,2,1,3,No,3,Bachelor,36-45,Meduim Salary,Early Career,Medium
1074,1514,2,5,2,3,2,2,28,29,2,1,No,1,2,1083,96,3173,6549,14,3,2,2,3,2,8,2,8,6,1,7,No,1,Below College,26-35,Meduim Salary,Experienced,Medium
1123,1586,2,3,4,3,2,3,29,3,1,3,Yes,1,0,1370,87,16213,4723,18,2,1,4,3,3,10,3,10,9,1,5,No,1,Below College,26-35,Meduim Salary,Experienced,Low
1141,1608,2,6,4,3,1,1,44,7,5,3,Yes,0,1,1313,31,3549,19049,14,2,4,4,3,2,23,4,22,7,1,10,No,3,Bachelor,36-45,Very High Salary,Long-Term,Very High
1142,1609,2,7,4,3,2,2,30,7,1,2,No,1,1,241,48,5348,2141,12,2,2,2,3,2,6,3,6,4,1,1,No,3,Bachelor,26-35,Low Salary,Experienced,Medium
1143,1611,2,3,4,3,1,3,45,5,2,1,Yes,1,0,1015,50,23447,5769,14,3,1,1,3,3,10,3,10,7,1,4,No,5,Doctor,36-45,Meduim Salary,Experienced,Low
1146,1614,2,5,2,3,1,2,36,12,2,3,Yes,9,2,559,76,12421,4663,12,3,3,2,3,3,7,2,3,2,1,1,No,4,Master,36-45,Meduim Salary,Early Career,High
1148,1617,2,3,2,3,1,2,49,25,1,3,No,1,1,722,84,22102,3211,14,3,1,4,3,2,10,3,9,6,1,4,No,4,Master,46-55,Meduim Salary,Experienced,Low
1151,1621,2,7,2,3,2,2,35,18,2,4,No,1,0,819,48,26312,5208,11,2,1,4,3,3,16,2,16,15,1,10,No,5,Doctor,26-35,Meduim Salary,Long-Term,Low
1176,1654,2,5,4,3,2,2,39,12,2,3,No,4,0,492,66,7693,5295,21,4,2,3,4,3,7,3,5,4,1,0,No,3,Bachelor,36-45,Meduim Salary,Early Career,Medium
1178,1656,2,6,2,3,1,1,50,17,3,2,No,5,3,813,50,21981,13269,15,4,1,3,3,3,19,3,14,11,1,11,No,5,Doctor,46-55,High Salary,Long-Term,Low
1181,1659,2,3,2,3,2,3,36,7,1,3,No,2,0,311,77,10950,2013,11,1,2,3,3,3,15,4,4,3,1,3,No,3,Bachelor,36-45,Low Salary,Early Career,Medium
1191,1671,2,7,4,3,2,1,32,2,2,3,No,0,2,977,45,25518,5470,13,4,2,3,3,2,10,4,9,5,1,6,No,3,Bachelor,26-35,Meduim Salary,Experienced,Medium
1249,1751,2,7,4,3,1,3,27,8,1,3,No,1,0,1054,67,6152,3445,11,3,4,3,3,2,6,5,6,2,1,4,No,3,Bachelor,26-35,Meduim Salary,Experienced,Very High
1260,1763,2,1,2,3,2,2,30,16,2,4,No,3,1,305,58,9128,5294,16,3,3,3,3,3,10,3,7,0,1,7,No,3,Bachelor,26-35,Meduim Salary,Experienced,High
1262,1766,2,1,4,3,2,2,38,18,2,1,Yes,3,1,833,60,24539,5811,16,2,4,3,3,3,15,2,1,0,1,0,No,3,Bachelor,36-45,Meduim Salary,New Employee,Very High
1306,1830,2,7,4,3,1,2,54,7,2,3,No,4,1,431,68,15696,6854,15,4,4,2,3,2,14,2,7,1,1,7,No,4,Master,46-55,Meduim Salary,Experienced,Very High
1325,1859,2,1,2,3,2,1,29,29,2,1,No,8,2,726,93,21143,6384,17,4,3,4,3,3,11,3,7,0,1,6,No,1,Below College,26-35,Meduim Salary,Experienced,High
1350,1893,2,7,2,3,1,2,26,1,1,2,Yes,1,1,482,90,14908,2933,13,2,3,3,3,2,1,3,1,0,1,0,No,2,College,26-35,Low Salary,New Employee,High
1407,1980,2,5,4,3,1,3,54,10,2,3,Yes,6,0,157,77,25198,4440,19,3,1,4,3,3,9,3,5,2,1,4,No,3,Bachelor,46-55,Meduim Salary,Early Career,Low
1409,1982,2,3,5,3,2,3,23,12,1,3,No,1,0,571,78,13672,2647,13,4,4,3,3,4,5,6,5,2,1,4,No,2,College,18-25,Low Salary,Early Career,Very High
1413,1989,2,3,4,3,2,2,30,1,1,3,No,1,0,911,76,4077,3748,13,4,2,3,3,2,12,6,12,8,1,7,No,2,College,26-35,Meduim Salary,Long-Term,Medium
1421,1999,2,7,2,3,2,2,41,1,1,3,No,3,1,642,76,21412,2782,22,4,4,1,4,3,12,3,5,3,1,0,No,3,Bachelor,36-45,Low Salary,Early Career,Very High
1430,2014,2,7,2,3,2,3,39,24,2,3,No,7,0,116,52,5340,4108,13,1,4,1,3,3,18,2,7,7,1,7,No,1,Below College,36-45,Meduim Salary,Experienced,Very High
1431,2015,2,6,4,3,1,2,38,10,3,1,No,3,1,201,99,3376,13206,12,2,3,1,3,3,20,3,18,16,1,11,No,3,Bachelor,36-45,High Salary,Long-Term,High
1459,2052,2,7,2,3,1,2,35,1,1,1,No,1,1,287,62,8952,2977,12,3,4,4,3,3,4,5,4,3,1,1,No,4,Master,26-35,Low Salary,Early Career,Very High
1467,2062,2,1,4,3,2,2,39,6,3,2,No,4,1,613,42,21457,9991,15,4,1,1,3,3,9,5,7,7,1,7,No,1,Below College,36-45,High Salary,Experienced,Low
14,18,2,3,4,3,2,1,34,19,1,3,No,0,1,1346,93,8758,2661,11,2,4,3,3,3,3,2,2,2,1,2,No,2,College,26-35,Low Salary,New Employee,Very High
197,269,2,3,4,2,1,3,35,2,2,3,No,5,0,138,37,15986,4425,11,2,2,4,3,3,10,5,6,2,1,2,No,3,Bachelor,26-35,Meduim Salary,Experienced,Medium
288,393,2,1,2,3,2,1,38,23,2,3,No,9,1,688,82,18899,5745,14,4,4,2,3,3,10,2,2,2,1,2,No,4,Master,36-45,Meduim Salary,New Employee,Very High
339,456,3,8,3,3,1,1,30,5,2,2,No,1,3,570,30,5431,6118,13,4,3,3,3,3,10,2,10,9,1,2,No,3,Bachelor,26-35,Meduim Salary,Experienced,High
384,511,2,7,4,3,1,2,22,11,1,3,No,1,1,253,43,24440,2244,13,1,2,4,3,3,2,1,2,1,1,2,No,3,Bachelor,18-25,Low Salary,New Employee,Medium
444,593,2,3,6,2,2,3,22,4,1,2,No,5,0,1368,99,9129,3894,16,3,3,3,3,3,4,3,2,2,1,2,Yes,1,Below College,18-25,Meduim Salary,New Employee,High
465,623,2,5,6,3,1,3,37,1,3,3,No,4,0,799,59,23848,7491,17,2,4,4,3,4,12,3,6,5,1,2,No,3,Bachelor,36-45,High Salary,Experienced,Very High
466,624,2,1,4,2,1,2,46,18,3,3,No,5,0,1034,86,8984,10527,11,1,3,4,3,2,28,3,2,2,1,2,No,1,Below College,46-55,High Salary,New Employee,High
480,647,2,3,2,2,1,2,24,7,1,3,Yes,1,1,1287,55,14168,2886,16,1,3,4,3,3,6,4,6,3,1,2,Yes,3,Bachelor,18-25,Low Salary,Experienced,High
508,690,3,8,4,3,1,2,29,3,2,3,No,1,1,1176,62,3487,5561,14,2,3,1,3,2,6,5,6,0,1,2,No,2,College,26-35,Meduim Salary,Experienced,High
643,893,3,9,3,3,2,2,38,9,1,2,No,0,1,395,98,12102,2899,19,2,2,4,3,3,3,3,2,2,1,2,No,3,Bachelor,36-45,Low Salary,New Employee,Medium
716,998,2,1,5,2,1,2,33,1,2,4,Yes,1,1,827,84,20161,5488,13,3,2,1,3,3,6,2,6,5,1,2,No,4,Master,26-35,Meduim Salary,Experienced,Medium
826,1150,2,5,4,3,2,2,29,8,2,2,Yes,1,1,718,79,17689,5056,15,2,4,3,3,2,10,2,10,7,1,2,No,1,Below College,26-35,Meduim Salary,Experienced,Very High
857,1198,2,3,2,3,2,3,20,3,1,2,No,1,0,805,87,12828,3033,12,1,3,1,3,2,2,2,2,2,1,2,No,3,Bachelor,18-25,Meduim Salary,New Employee,High
1021,1438,2,7,6,3,2,2,47,1,1,3,No,7,1,465,74,10205,3420,12,1,4,3,3,2,17,2,6,5,1,2,No,3,Bachelor,46-55,Meduim Salary,Experienced,Very High
1108,1563,1,2,1,2,2,2,38,10,2,3,No,3,0,888,71,14814,6077,11,3,3,3,3,3,10,2,6,3,1,2,No,4,Master,36-45,Meduim Salary,Experienced,High
1114,1574,2,7,6,1,2,2,32,1,2,3,No,4,1,1200,62,25174,4087,14,4,1,2,3,2,9,3,6,5,1,2,No,4,Master,26-35,Meduim Salary,Experienced,Low
1199,1681,3,8,2,1,1,1,33,16,2,3,Yes,1,1,530,36,16130,5368,25,3,4,3,4,3,7,2,6,5,1,2,No,3,Bachelor,26-35,Meduim Salary,Experienced,Very High
1231,1725,2,3,4,3,2,1,24,29,1,3,No,1,3,506,91,3622,3907,13,2,1,2,3,4,6,2,6,2,1,2,No,1,Below College,18-25,Meduim Salary,Experienced,Low
1401,1972,1,2,5,2,2,2,38,1,1,3,Yes,0,1,1444,88,5224,2991,11,4,2,2,3,3,7,2,6,2,1,2,No,4,Master,36-45,Low Salary,Experienced,Medium
1412,1987,1,2,1,3,1,2,25,2,1,3,No,4,0,309,82,19655,2187,14,3,2,3,3,3,6,3,2,0,1,2,No,3,Bachelor,18-25,Low Salary,New Employee,Medium
1418,1996,3,9,2,3,2,2,31,2,1,3,No,0,1,1154,54,6393,3067,19,1,3,3,3,3,3,1,2,2,1,2,No,2,College,26-35,Meduim Salary,New Employee,High
1437,2021,3,9,4,3,2,3,21,5,1,3,Yes,1,0,501,58,25479,2380,11,3,1,4,3,3,2,6,2,2,1,2,No,1,Below College,18-25,Low Salary,New Employee,Low
396,525,2,3,4,2,2,2,43,21,1,3,No,7,1,313,61,15238,2258,20,4,4,1,4,3,8,1,3,2,1,2,No,3,Bachelor,36-45,Low Salary,Early Career,Very High
518,707,3,8,2,3,2,2,25,8,2,4,No,0,1,810,57,15678,4851,22,4,2,3,4,3,4,4,3,2,1,2,No,3,Bachelor,18-25,Meduim Salary,Early Career,Medium
710,991,2,7,4,1,2,3,31,9,1,2,Yes,0,0,335,46,10322,2321,22,3,1,1,4,3,4,0,3,2,1,2,Yes,2,College,26-35,Low Salary,Early Career,Low
741,1028,2,3,5,3,2,1,35,10,1,3,No,1,1,802,45,9541,3917,20,2,4,1,4,2,3,4,3,2,1,2,No,3,Bachelor,26-35,Meduim Salary,Early Career,Very High
842,1173,2,3,4,3,2,3,24,24,1,3,No,8,0,477,49,6409,3597,22,4,2,4,4,3,6,2,4,3,1,2,No,3,Bachelor,18-25,Meduim Salary,Early Career,Medium
1072,1509,2,3,4,3,1,2,49,3,2,2,No,4,1,271,43,23070,4789,25,3,1,1,4,3,10,3,3,2,1,2,No,2,College,46-55,Meduim Salary,Early Career,Low
1103,1556,3,9,2,3,2,3,36,2,1,3,Yes,3,0,1157,70,17001,2644,21,3,4,4,4,2,7,3,3,2,1,2,No,4,Master,36-45,Low Salary,Early Career,Very High
1308,1834,2,7,4,3,1,2,28,1,1,3,No,1,1,1217,67,12719,3591,25,3,1,3,4,3,3,3,3,2,1,2,No,3,Bachelor,26-35,Meduim Salary,Early Career,Low
20,24,2,7,2,3,2,3,38,2,1,3,Yes,5,0,371,45,4306,3944,11,4,4,3,3,3,6,3,3,2,1,2,No,3,Bachelor,36-45,Meduim Salary,Early Career,Very High
69,88,2,7,4,2,2,2,35,1,1,3,No,4,1,664,79,5868,2194,13,2,1,4,3,2,5,2,3,2,1,2,No,3,Bachelor,26-35,Low Salary,Early Career,Low
100,132,2,3,4,1,2,2,44,23,2,3,No,4,1,489,67,25043,2042,12,2,2,3,3,4,17,3,3,2,1,2,No,3,Bachelor,36-45,Low Salary,Early Career,Medium
114,150,2,3,2,3,2,2,24,18,1,3,No,0,1,1127,52,13257,2774,12,2,3,3,3,3,6,2,5,3,1,2,No,1,Below College,18-25,Low Salary,Early Career,High
131,171,2,7,4,2,1,3,43,28,1,4,No,4,0,957,72,16090,4739,12,2,3,4,3,3,18,2,3,2,1,2,No,3,Bachelor,36-45,Meduim Salary,Early Career,High
147,198,2,3,4,3,2,3,30,2,1,2,No,0,0,1427,35,11162,2720,13,2,4,4,3,3,6,3,5,3,1,2,No,1,Below College,26-35,Low Salary,Early Career,Very High
160,216,3,9,3,2,1,2,34,2,1,3,No,6,1,303,75,11314,2231,18,3,3,4,3,3,6,3,4,3,1,2,No,4,Master,26-35,Low Salary,Early Career,High
182,247,2,7,4,3,1,3,34,27,1,3,No,2,0,629,95,5711,2311,15,4,2,4,3,3,9,3,3,2,1,2,No,2,College,26-35,Low Salary,Early Career,Medium
239,330,3,9,2,3,1,2,32,4,1,3,No,2,1,1401,56,20990,3931,11,3,2,1,3,3,6,5,4,3,1,2,No,2,College,26-35,Meduim Salary,Early Career,Medium
240,331,2,3,2,3,2,3,32,1,1,2,Yes,0,0,515,62,9571,3730,14,4,3,4,3,1,4,2,3,2,1,2,Yes,3,Bachelor,26-35,Meduim Salary,Early Career,High
241,332,2,3,4,3,1,1,39,1,1,3,No,7,3,1431,96,15417,2232,14,3,3,3,3,3,7,1,3,2,1,2,No,4,Master,36-45,Low Salary,Early Career,High
256,350,2,5,2,3,1,2,25,1,2,3,No,0,2,685,62,7505,4898,12,1,3,4,3,3,5,3,4,2,1,2,No,3,Bachelor,18-25,Meduim Salary,Early Career,High
291,396,2,6,2,2,1,3,49,10,5,3,Yes,9,0,636,35,25594,18665,11,3,1,4,3,3,22,4,3,2,1,2,No,4,Master,46-55,Very High Salary,Early Career,Low
295,403,2,7,4,2,2,2,37,9,1,3,Yes,1,3,889,53,11411,2326,12,2,4,3,3,2,4,3,4,2,1,2,No,3,Bachelor,36-45,Low Salary,Early Career,Very High
300,408,2,5,4,3,2,1,51,2,2,1,No,5,1,1302,84,16321,5482,18,4,2,4,3,3,13,3,4,1,1,2,No,3,Bachelor,46-55,Meduim Salary,Early Career,Medium
309,422,2,1,2,1,2,1,58,1,2,1,Yes,2,1,390,32,17056,5660,13,4,3,4,3,3,12,2,5,3,1,2,No,4,Master,56+,Meduim Salary,Early Career,High
319,434,2,7,2,3,1,3,27,5,1,3,Yes,1,0,1220,85,20938,2478,12,3,2,2,3,2,4,2,4,3,1,2,No,3,Bachelor,26-35,Low Salary,Early Career,Medium
347,466,2,5,4,3,2,3,41,6,2,2,Yes,6,0,483,95,10110,6032,15,4,2,4,3,3,8,3,5,4,1,2,No,3,Bachelor,36-45,Meduim Salary,Early Career,Medium
358,478,3,9,6,2,1,3,21,1,1,2,Yes,1,0,756,99,9150,2174,11,1,2,3,3,3,3,3,3,2,1,2,Yes,1,Below College,18-25,Low Salary,Early Career,Medium
361,482,2,1,4,3,2,2,57,1,2,3,No,2,0,593,88,2967,6755,11,4,3,3,3,3,15,2,3,2,1,2,No,4,Master,56+,Meduim Salary,Early Career,High
372,495,2,7,2,3,2,3,29,23,1,3,No,9,0,1283,54,18168,2201,16,4,4,4,3,3,6,4,3,2,1,2,No,3,Bachelor,26-35,Low Salary,Early Career,Very High
380,505,2,4,2,3,1,3,55,2,4,3,Yes,2,0,1311,97,23258,16659,13,3,4,3,3,3,30,2,5,4,1,2,No,3,Bachelor,46-55,Very High Salary,Early Career,Very High
389,517,2,3,2,3,1,1,42,1,1,3,No,3,1,201,95,20490,2576,16,2,1,2,3,3,8,5,5,2,1,2,No,4,Master,36-45,Low Salary,Early Career,Low
393,522,2,6,4,3,2,2,54,5,5,3,No,4,1,821,86,8509,19406,11,1,1,3,3,2,24,4,4,2,1,2,No,2,College,46-55,Very High Salary,Early Career,Low
394,523,3,8,3,1,1,2,34,4,2,3,No,9,1,1381,72,12740,6538,15,3,3,1,3,3,6,3,3,2,1,2,No,4,Master,26-35,Meduim Salary,Early Career,High
434,580,3,8,3,3,1,2,46,10,3,2,Yes,2,1,1125,94,11563,9071,19,3,4,3,3,3,15,3,3,2,1,2,No,3,Bachelor,46-55,High Salary,Early Career,Very High
438,585,3,9,3,3,2,3,30,7,1,3,No,0,0,413,57,18398,2983,14,4,2,1,3,3,4,3,3,2,1,2,No,1,Below College,26-35,Low Salary,Early Career,Medium
455,611,2,5,6,3,2,1,29,19,2,3,No,4,2,232,34,22645,4262,12,4,4,2,3,4,8,2,3,2,1,2,No,3,Bachelor,26-35,Meduim Salary,Early Career,Very High
470,631,3,8,5,1,2,2,32,11,2,4,No,8,0,1474,60,23914,4707,12,4,3,4,3,3,6,2,4,2,1,2,Yes,4,Master,26-35,Meduim Salary,Early Career,High
483,650,3,8,4,3,2,1,31,13,2,3,No,2,0,1365,46,11512,4233,17,2,1,3,3,1,9,2,3,1,1,2,Yes,4,Master,26-35,Meduim Salary,Early Career,Low
497,669,3,9,6,3,2,3,21,22,1,3,No,1,0,1343,49,24444,3447,11,3,3,3,3,3,3,2,3,2,1,2,No,1,Below College,18-25,Meduim Salary,Early Career,High
500,677,3,8,3,3,2,1,33,8,2,3,No,0,0,1216,39,20431,7104,12,3,3,4,3,3,6,3,5,0,1,2,No,4,Master,26-35,High Salary,Early Career,High
571,791,2,7,4,1,2,2,52,19,1,3,No,0,1,715,41,26589,4258,18,4,4,1,3,3,5,3,4,3,1,2,No,4,Master,46-55,Meduim Salary,Early Career,Very High
574,796,3,8,6,3,2,3,26,8,2,2,No,6,0,1146,38,3064,5326,17,4,1,3,3,2,6,2,4,3,1,2,Yes,3,Bachelor,26-35,Meduim Salary,Early Career,Low
584,808,3,8,2,3,1,2,34,8,2,3,No,5,1,1111,93,13305,6500,17,3,1,2,3,3,6,1,3,2,1,2,No,2,College,26-35,Meduim Salary,Early Career,Low
606,837,2,1,2,2,2,1,38,12,2,2,No,2,1,471,45,4284,6288,15,1,1,3,3,2,13,3,4,3,1,2,No,3,Bachelor,36-45,Meduim Salary,Early Career,Low
666,925,3,9,2,3,1,3,47,2,1,2,Yes,1,0,1454,65,13137,3294,18,4,4,1,3,2,3,3,3,2,1,2,No,4,Master,46-55,Meduim Salary,Early Career,Very High
733,1017,2,3,4,2,1,3,30,5,1,3,No,0,0,109,60,25725,2422,17,2,2,1,3,3,4,3,3,2,1,2,Yes,3,Bachelor,26-35,Low Salary,Early Career,Medium
763,1053,2,7,2,2,2,2,26,2,1,3,Yes,6,1,342,57,15346,2042,14,1,1,2,3,3,6,2,3,2,1,2,Yes,3,Bachelor,26-35,Low Salary,Early Career,Low
787,1094,2,3,2,1,2,2,27,8,1,1,No,1,3,1277,87,5869,4621,19,1,3,4,3,3,3,4,3,2,1,2,No,5,Doctor,26-35,Meduim Salary,Early Career,High
788,1096,2,5,2,2,2,2,55,2,3,3,No,3,1,1091,65,15813,10976,18,4,2,2,3,3,23,4,3,2,1,2,No,1,Below College,46-55,High Salary,Early Career,Medium
791,1099,2,1,2,3,2,1,33,5,3,2,No,4,1,654,34,21214,7119,15,4,4,3,3,3,9,2,3,2,1,2,No,3,Bachelor,26-35,High Salary,Early Career,Very High
894,1249,2,7,2,3,1,1,29,1,1,3,No,1,3,1010,97,5598,3760,15,1,4,1,3,3,3,5,3,2,1,2,No,3,Bachelor,26-35,Meduim Salary,Early Career,Very High
934,1301,2,7,6,3,2,3,28,1,1,3,No,2,0,640,84,4732,2080,11,4,1,2,3,2,5,2,3,2,1,2,No,3,Bachelor,26-35,Low Salary,Early Career,Low
946,1317,2,6,2,3,1,2,50,28,4,3,Yes,4,0,1322,43,22422,16880,11,4,1,2,3,3,25,2,3,2,1,2,No,3,Bachelor,46-55,Very High Salary,Early Career,Low
954,1333,2,3,2,3,2,2,44,3,1,3,No,4,0,935,89,14669,2362,12,1,1,3,3,4,10,4,3,2,1,2,Yes,3,Bachelor,36-45,Low Salary,Early Career,Low
966,1358,2,3,4,3,2,2,25,19,1,3,No,3,3,882,67,9075,3669,11,4,4,3,3,2,7,6,3,2,1,2,No,1,Below College,18-25,Meduim Salary,Early Career,Very High
991,1395,3,8,2,2,2,2,33,5,2,3,No,6,0,1111,61,19293,9998,13,2,4,1,3,4,8,2,5,4,1,2,No,1,Below College,26-35,High Salary,Early Career,Very High
992,1396,3,8,3,3,2,2,32,2,2,3,Yes,0,3,499,36,20497,4078,13,3,2,1,3,2,4,3,3,2,1,2,No,1,Below College,26-35,Meduim Salary,Early Career,Medium
994,1399,3,8,2,3,2,2,25,18,2,4,No,2,0,1372,93,12477,6232,11,1,3,2,3,2,6,3,3,2,1,2,No,1,Below College,18-25,Meduim Salary,Early Career,High
1038,1465,2,5,6,3,2,2,45,29,3,3,Yes,4,2,1448,55,14720,9380,18,2,4,4,3,4,10,4,3,1,1,2,No,3,Bachelor,36-45,High Salary,Early Career,Very High
1045,1473,2,1,6,3,2,2,49,5,2,3,No,2,1,1495,96,21534,6651,14,1,3,2,3,2,20,0,3,2,1,2,No,4,Master,46-55,Meduim Salary,Early Career,High
1046,1474,2,7,4,3,2,1,40,2,1,3,No,2,1,896,68,8045,2345,14,3,3,3,3,4,8,3,3,1,1,2,No,3,Bachelor,36-45,Low Salary,Early Career,High
1057,1486,3,9,6,2,2,2,28,1,1,3,No,3,1,1496,92,15747,2909,15,1,3,4,3,4,5,3,3,2,1,2,Yes,3,Bachelor,26-35,Low Salary,Early Career,High
1066,1501,2,1,2,3,2,2,55,4,2,3,Yes,0,0,1229,30,16143,4035,16,4,3,2,3,3,4,2,3,2,1,2,No,4,Master,46-55,Meduim Salary,Early Career,High
1068,1503,3,8,4,3,1,2,47,14,2,3,Yes,3,1,571,78,24200,4591,17,3,3,3,3,2,11,4,5,4,1,2,No,3,Bachelor,46-55,Meduim Salary,Early Career,High
1083,1533,2,3,2,3,2,3,23,20,2,3,No,0,0,507,97,24812,2272,14,1,3,2,3,3,5,2,4,3,1,2,No,1,Below College,18-25,Low Salary,Early Career,High
1109,1564,2,3,4,3,2,3,35,1,1,2,No,1,0,992,68,21731,2450,19,4,1,2,3,3,3,3,3,0,1,2,No,3,Bachelor,26-35,Low Salary,Early Career,Low
1121,1583,3,8,2,3,1,3,38,16,2,3,No,2,0,437,90,16379,4198,12,2,2,2,3,4,8,5,3,2,1,2,No,3,Bachelor,36-45,Meduim Salary,Early Career,Medium
1133,1598,3,8,2,3,1,2,40,14,2,3,No,1,1,118,84,11262,4639,15,4,1,3,3,3,5,2,5,4,1,2,No,2,College,36-45,Meduim Salary,Early Career,Low
1171,1648,2,7,4,2,2,3,27,2,1,3,No,2,0,591,87,6297,2580,13,4,4,3,3,2,6,0,4,2,1,2,No,3,Bachelor,26-35,Low Salary,Early Career,Very High
1177,1655,2,6,5,3,1,2,49,22,4,3,No,3,2,301,72,3498,16413,16,1,2,2,3,3,27,2,4,2,1,2,No,4,Master,46-55,Very High Salary,Early Career,Medium
1183,1662,2,5,4,1,1,2,36,1,2,2,No,0,0,894,33,15411,4374,15,4,3,3,3,3,4,6,3,2,1,2,No,4,Master,36-45,Meduim Salary,Early Career,High
1195,1676,3,4,2,3,1,1,47,2,4,4,No,6,3,1225,47,21086,15972,14,2,2,3,3,3,29,2,3,2,1,2,No,4,Master,46-55,Very High Salary,Early Career,Medium
1202,1684,2,3,4,3,2,3,23,8,1,2,Yes,1,0,1320,93,20586,3989,11,4,3,1,3,3,5,2,5,4,1,2,Yes,1,Below College,18-25,Meduim Salary,Early Career,High
1204,1689,2,1,4,3,2,2,53,24,3,4,No,3,0,1395,48,3458,7005,15,2,4,3,3,3,11,2,4,3,1,2,No,4,Master,46-55,High Salary,Early Career,Very High
1208,1694,2,7,6,3,2,1,55,22,1,2,No,5,1,1441,94,23737,3537,12,1,2,4,3,3,8,1,4,2,1,2,No,3,Bachelor,46-55,Meduim Salary,Early Career,Medium
1220,1709,2,3,4,3,1,2,29,9,1,3,No,9,1,1082,43,25412,2974,17,4,3,3,3,3,9,2,5,3,1,2,No,4,Master,26-35,Low Salary,Early Career,High
1229,1722,1,2,1,1,2,2,41,4,2,1,No,6,1,552,60,20794,6430,19,3,2,2,3,3,10,4,3,2,1,2,No,3,Bachelor,36-45,Meduim Salary,Early Career,Medium
1239,1735,2,3,4,3,1,3,23,4,1,3,No,1,0,160,51,12862,3295,13,3,2,3,3,1,3,3,3,2,1,2,No,1,Below College,18-25,Meduim Salary,Early Career,Medium
1247,1747,1,2,1,2,1,1,30,8,1,2,No,6,1,600,66,9732,2180,11,3,4,3,3,2,6,0,4,2,1,2,Yes,3,Bachelor,26-35,Low Salary,Early Career,Very High
1253,1755,2,7,4,3,2,2,34,2,1,4,Yes,0,3,181,97,5586,2932,14,4,4,1,3,3,6,3,5,0,1,2,No,4,Master,26-35,Low Salary,Early Career,Very High
1294,1813,2,7,2,1,2,3,43,9,1,3,No,4,0,343,52,24978,2438,13,1,3,3,3,2,7,2,3,2,1,2,No,3,Bachelor,36-45,Low Salary,Early Career,High
1295,1814,2,1,2,3,2,3,41,5,2,4,No,3,0,447,85,15530,6870,12,2,2,1,3,1,11,3,3,2,1,2,No,3,Bachelor,36-45,Meduim Salary,Early Career,Medium
1310,1836,3,8,4,3,2,3,26,10,2,3,No,1,0,572,46,9125,4684,13,3,4,1,3,3,5,4,5,3,1,2,No,3,Bachelor,26-35,Meduim Salary,Early Career,Very High
1344,1883,2,3,2,3,2,3,29,7,1,3,No,3,0,592,59,19384,2062,14,4,1,2,3,3,11,2,3,2,1,2,No,3,Bachelor,26-35,Low Salary,Early Career,Low
1367,1929,3,8,2,1,1,2,39,21,2,1,No,6,1,1251,32,3987,5736,19,1,3,3,3,3,10,1,3,2,1,2,No,4,Master,36-45,Meduim Salary,Early Career,High
1368,1931,2,7,6,3,2,2,27,2,1,3,No,1,1,1354,41,6073,2226,11,2,2,3,3,2,6,3,5,3,1,2,No,4,Master,26-35,Low Salary,Early Career,Medium
1389,1955,2,1,4,1,1,1,32,15,2,3,No,5,1,1146,34,16542,6667,18,3,4,2,3,3,9,6,5,1,1,2,No,4,Master,26-35,Meduim Salary,Early Career,Very High
1408,1981,2,1,2,3,2,3,24,1,2,2,No,1,0,771,45,14120,4617,12,2,3,2,3,2,4,2,4,3,1,2,No,2,College,18-25,Meduim Salary,Early Career,High
1420,1998,2,7,2,3,2,1,42,18,2,3,Yes,6,1,557,35,11189,5410,17,4,1,3,3,2,9,3,4,3,1,2,No,4,Master,36-45,Meduim Salary,Early Career,Low
1424,2007,2,7,2,3,2,3,22,1,1,3,No,0,0,581,63,17624,3375,12,4,3,4,3,4,4,2,3,2,1,2,No,2,College,18-25,Meduim Salary,Early Career,High
1436,2020,2,7,4,3,2,3,44,1,1,3,Yes,6,0,1037,42,13422,2436,12,2,4,3,3,3,6,2,4,3,1,2,No,3,Bachelor,36-45,Low Salary,Early Career,Very High
1450,2038,2,7,6,3,2,3,32,2,1,3,No,1,0,529,78,11288,2439,14,4,1,4,3,3,4,4,4,2,1,2,No,3,Bachelor,26-35,Low Salary,Early Career,Low
1470,2068,2,3,4,3,2,2,34,8,2,4,No,2,0,628,82,10228,4404,12,2,3,1,3,4,6,3,4,3,1,2,No,3,Bachelor,26-35,Meduim Salary,Early Career,High
47,60,3,8,3,1,2,3,34,23,2,3,No,0,0,1065,72,10034,4568,20,2,3,3,4,3,10,2,9,5,8,7,No,4,Master,26-35,Meduim Salary,Experienced,High
54,70,2,1,4,1,2,2,35,11,3,2,Yes,2,1,1097,79,8302,9884,13,3,1,3,3,3,10,3,4,0,2,3,No,2,College,26-35,High Salary,Early Career,Low
106,140,1,4,1,1,1,2,59,2,5,2,No,9,1,1420,32,21922,18844,21,3,4,4,4,3,30,3,3,2,2,2,No,4,Master,56+,Very High Salary,Early Career,Very High
113,148,1,4,1,1,1,3,54,26,4,4,Yes,2,0,142,30,13871,17328,12,4,4,3,3,3,23,3,5,3,4,4,No,3,Bachelor,46-55,Very High Salary,Early Career,Very High
162,218,2,7,4,1,2,1,27,9,1,3,No,6,1,691,57,5970,2024,18,4,2,4,3,1,6,1,2,2,2,2,No,3,Bachelor,26-35,Low Salary,New Employee,Medium
194,262,2,7,4,1,2,1,43,7,1,4,No,4,3,1344,37,5228,2089,14,4,4,4,3,4,7,3,5,4,2,2,No,3,Bachelor,36-45,Low Salary,Early Career,Very High
195,264,2,4,4,1,2,2,45,2,4,2,No,9,1,1195,65,20462,16792,23,1,4,4,4,3,22,1,20,8,11,8,No,2,College,36-45,Very High Salary,Long-Term,Very High
219,302,3,8,4,1,1,3,45,6,3,2,No,6,0,1052,57,16840,8865,12,4,4,4,3,3,23,2,19,7,12,8,No,3,Bachelor,36-45,High Salary,Long-Term,Very High
242,333,3,8,3,1,2,2,32,26,2,3,No,0,0,976,100,12069,4465,18,3,4,1,3,3,4,2,3,2,2,2,No,4,Master,26-35,Meduim Salary,Early Career,Very High
262,361,3,8,2,1,2,2,38,2,2,2,No,3,1,1327,39,19682,5249,18,4,4,4,3,3,13,0,8,7,7,5,No,2,College,36-45,Meduim Salary,Experienced,Very High
355,475,3,8,6,1,1,2,30,25,2,3,Yes,7,1,641,85,6069,4736,12,4,3,2,3,4,4,2,2,2,2,2,No,2,College,26-35,Meduim Salary,New Employee,High
399,529,2,7,4,1,1,2,37,25,2,3,Yes,3,2,1063,72,23866,4449,15,2,3,1,3,3,15,2,13,11,10,7,No,5,Doctor,36-45,Meduim Salary,Long-Term,High
424,567,3,8,5,1,1,2,30,22,3,3,No,0,0,1398,69,2890,8412,11,3,1,3,3,3,10,3,9,8,7,8,No,4,Master,26-35,High Salary,Experienced,Low
427,571,2,3,4,1,1,3,30,2,1,3,No,0,0,1116,49,7181,2564,14,3,4,3,3,2,12,2,11,7,6,7,No,3,Bachelor,26-35,Low Salary,Long-Term,Very High
641,888,2,3,2,1,2,2,24,4,1,2,No,0,0,1269,46,10778,3162,17,1,4,4,3,2,6,2,5,2,3,4,No,1,Below College,18-25,Meduim Salary,Early Career,Very High
749,1037,3,8,4,1,2,3,26,29,2,1,No,8,0,265,79,21813,4969,18,2,1,4,3,3,7,6,2,2,2,2,Yes,2,College,26-35,Meduim Salary,New Employee,Low
755,1044,3,9,2,1,1,3,33,8,1,2,No,0,0,1038,88,21437,2342,19,2,4,4,3,2,3,2,2,2,2,2,No,1,Below College,26-35,Low Salary,New Employee,Very High
757,1046,2,3,4,1,1,3,32,29,1,3,No,9,0,1109,69,11135,4025,12,4,3,2,3,3,10,2,8,7,7,7,No,4,Master,26-35,Meduim Salary,Experienced,High
775,1074,2,4,4,1,2,3,55,2,4,2,No,7,0,444,40,17323,16756,15,3,1,2,3,4,31,3,9,7,6,2,No,1,Below College,46-55,Very High Salary,Experienced,Low
805,1116,2,4,4,1,2,3,48,1,4,4,No,2,0,1262,35,16154,16885,22,1,4,3,4,2,27,3,5,4,2,1,No,4,Master,46-55,Very High Salary,Early Career,Very High
889,1243,3,8,3,1,1,2,35,8,3,2,Yes,4,1,1212,78,13755,10377,11,3,4,2,3,2,16,6,13,2,4,12,No,2,College,26-35,High Salary,Long-Term,Very High
945,1315,2,3,2,1,1,2,28,1,2,1,No,0,3,1476,55,16392,6674,11,3,4,1,3,3,10,6,9,8,7,5,No,3,Bachelor,26-35,Meduim Salary,Experienced,Very High
955,1334,2,4,2,1,2,2,42,2,4,3,Yes,0,0,495,37,26582,17861,13,3,3,4,3,2,21,3,20,8,2,10,No,1,Below College,36-45,Very High Salary,Long-Term,High
1041,1468,2,6,4,1,2,1,40,8,3,2,No,2,1,218,55,25178,13757,11,4,2,3,3,3,16,5,9,8,4,8,No,1,Below College,36-45,High Salary,Experienced,Medium
1099,1552,2,1,2,1,2,1,40,8,2,3,Yes,3,0,1142,72,8841,4069,18,4,4,3,3,3,8,2,2,2,2,2,No,2,College,36-45,Meduim Salary,New Employee,Very High
1222,1712,2,1,2,1,2,2,45,1,3,2,No,3,1,1238,74,3395,10748,23,3,3,4,4,2,25,3,23,15,14,4,No,1,Below College,36-45,High Salary,Long-Term,High
1286,1801,3,8,2,1,2,3,46,26,2,2,No,8,0,849,98,25166,7991,15,2,2,3,3,3,6,3,2,2,2,2,No,2,College,46-55,High Salary,New Employee,Medium
1290,1805,1,2,1,1,2,1,38,2,1,3,No,5,3,1336,100,7129,2592,13,1,2,4,3,3,13,3,11,10,3,8,No,3,Bachelor,36-45,Low Salary,Long-Term,Medium
1302,1824,3,4,4,1,2,1,58,2,4,3,No,4,1,350,52,22577,16291,22,2,2,4,4,2,37,0,16,9,14,14,No,3,Bachelor,56+,Very High Salary,Long-Term,Medium
1315,1845,3,8,2,1,1,2,45,2,2,3,No,4,2,589,67,19665,5154,22,3,3,2,4,4,10,3,8,7,5,7,No,4,Master,36-45,Meduim Salary,Experienced,High
1321,1854,2,7,6,1,2,2,42,10,1,3,No,3,2,355,38,6161,2936,22,3,3,2,4,2,10,1,6,3,3,3,No,4,Master,36-45,Low Salary,Experienced,High
1406,1979,2,6,4,1,1,2,31,10,3,3,No,4,1,697,40,26862,11031,20,3,3,3,4,4,13,2,11,7,4,8,No,3,Bachelor,26-35,High Salary,Long-Term,High
1422,2000,2,6,4,1,1,2,47,1,3,3,No,0,2,1162,98,17231,11957,18,3,2,1,3,1,14,3,13,8,5,12,No,1,Below College,46-55,High Salary,Long-Term,Medium
6,8,2,3,2,2,2,3,32,2,1,3,No,0,0,1005,79,11864,3068,13,4,4,3,3,2,8,2,7,7,3,6,No,2,College,26-35,Meduim Salary,Experienced,Very High
94,124,2,1,4,2,2,2,46,1,3,2,Yes,2,1,638,40,3142,10673,13,3,1,3,3,2,21,5,10,9,9,5,No,3,Bachelor,46-55,High Salary,Experienced,Low
111,145,2,1,4,2,1,3,51,1,3,2,No,3,0,1456,30,25796,7484,20,1,1,3,4,2,23,1,13,12,12,8,No,4,Master,46-55,High Salary,Long-Term,Low
118,154,3,8,6,2,1,2,36,11,3,3,No,0,1,1467,92,22952,9738,14,2,4,3,3,3,10,6,9,7,2,8,No,2,College,36-45,High Salary,Experienced,Very High
132,174,3,8,3,2,1,3,50,12,3,3,No,4,0,809,77,6645,9208,11,3,4,4,3,3,16,3,2,2,2,1,No,3,Bachelor,46-55,High Salary,New Employee,Very High
148,199,2,4,2,2,2,1,41,10,4,2,No,4,1,857,91,12888,17181,13,4,1,2,3,2,21,2,7,6,7,7,No,3,Bachelor,36-45,Very High Salary,Experienced,Low
173,238,2,3,4,2,2,3,36,3,1,3,No,4,0,1480,30,15062,2088,12,4,2,3,3,2,13,3,8,7,7,2,No,2,College,36-45,Low Salary,Experienced,Medium
201,274,2,5,6,2,2,2,27,1,2,2,No,5,1,472,60,9679,4298,19,3,1,3,3,3,6,1,2,2,2,0,No,1,Below College,26-35,Meduim Salary,New Employee,Low
227,311,3,9,3,2,2,1,37,4,1,3,No,4,1,319,41,2539,2793,17,1,4,3,3,3,13,2,9,8,5,8,No,4,Master,36-45,Low Salary,Experienced,Very High
246,337,2,6,4,2,2,1,31,3,3,3,No,9,1,1327,73,13523,13675,12,2,3,1,3,3,9,3,2,2,2,2,No,4,Master,26-35,High Salary,New Employee,High
252,343,2,1,6,2,1,3,39,2,3,3,No,0,0,505,64,6420,10938,25,3,3,4,4,3,20,1,19,6,11,8,No,4,Master,36-45,High Salary,Long-Term,High
296,404,3,8,3,2,1,2,42,26,4,3,No,5,1,555,77,14864,13525,14,3,2,4,3,4,23,2,20,4,4,8,No,3,Bachelor,36-45,High Salary,Long-Term,Medium
314,428,2,4,2,2,1,2,33,5,3,3,No,6,2,553,74,23364,11878,11,4,2,2,3,3,12,2,10,6,8,8,No,4,Master,26-35,High Salary,Experienced,Medium
402,532,3,8,2,2,1,2,56,6,4,4,No,9,3,906,86,18256,13212,11,3,1,4,3,2,36,0,7,7,7,7,No,3,Bachelor,56+,High Salary,Experienced,Low
428,573,3,8,3,2,1,2,60,28,3,2,No,4,0,1499,80,2845,10266,19,3,1,4,3,4,22,5,18,13,13,11,No,3,Bachelor,56+,High Salary,Long-Term,Low
442,591,2,3,5,2,2,2,42,5,1,3,No,4,1,1474,97,9260,2093,17,2,3,4,3,3,8,4,2,2,2,0,No,2,College,36-45,Low Salary,New Employee,High
471,632,3,9,4,2,2,2,24,24,1,3,No,0,2,535,38,5530,2400,13,4,4,3,3,3,3,3,2,2,2,1,No,3,Bachelor,18-25,Low Salary,New Employee,Very High
492,663,2,3,4,2,2,1,43,9,2,3,Yes,3,1,1001,72,19627,5679,13,4,3,2,3,3,10,3,8,7,4,7,No,5,Doctor,36-45,Meduim Salary,Experienced,High
510,692,2,1,2,2,2,1,33,6,2,3,No,3,1,1296,30,5335,7725,23,3,4,3,4,1,15,2,13,11,4,7,No,3,Bachelor,26-35,High Salary,Long-Term,Very High
545,746,3,8,4,2,1,1,47,3,4,3,Yes,9,2,217,49,10225,13770,12,4,3,4,3,2,28,2,22,2,11,13,No,3,Bachelor,46-55,High Salary,Long-Term,High
548,752,2,7,4,2,2,1,42,19,1,4,Yes,6,0,933,57,20366,2759,12,3,3,4,3,3,7,2,2,2,2,2,Yes,3,Bachelor,36-45,Low Salary,New Employee,High
549,754,3,8,2,2,2,2,43,15,2,2,No,3,1,775,47,23683,6804,18,4,4,3,3,3,7,5,2,2,2,2,No,3,Bachelor,36-45,Meduim Salary,New Employee,Very High
572,792,2,3,2,2,1,1,26,1,1,1,No,3,1,575,71,5288,4364,14,1,4,1,3,3,5,2,2,2,2,0,No,2,College,26-35,Meduim Salary,New Employee,Very High
579,803,2,5,2,2,1,3,38,2,2,4,Yes,6,0,240,75,26085,5980,12,1,1,4,3,3,17,2,15,7,4,12,No,4,Master,36-45,Meduim Salary,Long-Term,Low
633,875,2,7,4,2,2,3,42,2,1,3,Yes,5,0,1271,35,9068,2515,14,2,4,4,3,3,8,2,2,1,2,2,No,1,Below College,36-45,Low Salary,New Employee,Very High
651,902,2,1,2,2,1,2,43,1,2,3,No,4,1,422,33,21782,5562,13,4,4,2,3,2,12,2,5,2,2,2,No,3,Bachelor,36-45,Meduim Salary,Early Career,Very High
746,1034,2,1,4,2,2,2,55,18,2,3,Yes,3,2,135,62,12992,6385,14,3,2,4,3,3,17,3,8,7,6,7,No,4,Master,46-55,Meduim Salary,Experienced,Medium
761,1050,3,8,3,2,1,2,53,2,3,2,No,2,1,124,38,23537,7525,12,3,2,1,3,3,30,2,15,7,6,12,No,3,Bachelor,46-55,High Salary,Long-Term,Medium
766,1060,2,7,5,2,2,2,38,3,1,3,No,3,1,1186,44,2997,2821,16,3,3,1,3,3,8,2,2,2,2,2,No,4,Master,36-45,Low Salary,New Employee,High
814,1127,2,1,2,2,2,1,39,2,4,3,No,7,3,203,84,13547,12169,11,1,4,4,3,3,21,4,18,7,11,5,Yes,3,Bachelor,36-45,High Salary,Long-Term,Very High
819,1135,3,9,2,2,2,2,31,20,1,4,No,0,1,793,67,21981,2791,12,3,4,1,3,3,3,4,2,2,2,2,No,3,Bachelor,26-35,Low Salary,New Employee,Very High
838,1166,2,6,4,2,1,3,40,9,3,3,No,9,0,593,88,13782,13499,17,2,3,3,3,2,20,3,18,7,2,13,No,4,Master,36-45,High Salary,Long-Term,High
839,1167,3,8,2,2,2,3,42,12,4,3,Yes,0,0,481,44,2447,13758,12,3,1,2,3,2,22,2,21,9,13,14,Yes,3,Bachelor,36-45,High Salary,Long-Term,Low
848,1184,2,1,4,2,2,3,34,1,2,2,No,0,0,669,97,25755,5343,20,4,1,3,4,3,14,3,13,9,4,9,No,3,Bachelor,26-35,Meduim Salary,Long-Term,Low
868,1215,2,4,4,2,1,2,50,2,4,3,No,2,1,1421,30,9490,17856,22,4,1,3,4,3,32,3,2,2,2,2,No,3,Bachelor,46-55,Very High Salary,New Employee,Low
919,1282,3,4,2,2,2,1,51,9,5,3,Yes,4,1,237,83,19196,19847,24,4,2,1,4,2,31,5,29,10,11,10,No,3,Bachelor,46-55,Very High Salary,Long-Term,Medium
921,1285,2,3,4,2,1,1,34,19,2,3,No,4,2,135,46,22534,4444,13,3,2,3,3,4,15,2,11,8,5,10,No,3,Bachelor,26-35,Meduim Salary,Long-Term,Medium
931,1297,2,3,4,2,1,3,51,6,1,2,No,0,0,968,40,4257,2838,14,2,3,2,3,2,8,6,7,0,7,7,No,2,College,46-55,Low Salary,Experienced,High
969,1362,3,8,3,2,1,2,36,7,2,4,No,2,1,607,83,2261,4639,16,1,1,4,3,2,17,2,15,7,6,13,No,3,Bachelor,36-45,Meduim Salary,Long-Term,Low
982,1380,3,8,3,2,1,2,35,18,2,3,Yes,0,1,662,67,23288,4614,18,4,3,3,3,2,5,0,4,2,3,2,Yes,4,Master,26-35,Meduim Salary,Early Career,High
988,1391,3,8,3,2,2,2,51,2,3,3,No,2,0,541,52,15395,10596,11,2,2,2,3,3,14,5,4,2,3,2,No,3,Bachelor,46-55,High Salary,Early Career,Medium
989,1392,2,7,2,2,1,1,41,22,2,3,Yes,3,2,1200,75,13953,5467,14,4,4,1,3,2,12,4,6,2,3,3,No,3,Bachelor,36-45,Meduim Salary,Experienced,Very High
1003,1412,2,5,2,2,2,3,35,18,3,3,No,2,0,200,60,19944,9362,11,3,4,3,3,3,10,2,2,2,2,2,No,2,College,26-35,High Salary,New Employee,Very High
1008,1421,2,1,5,2,1,3,29,14,3,3,Yes,0,0,337,84,22930,7553,12,3,4,1,3,3,9,1,8,7,7,7,Yes,1,Below College,26-35,High Salary,Experienced,Very High
1037,1464,2,3,2,2,2,2,31,2,1,3,Yes,6,1,523,94,21081,3722,13,2,4,3,3,1,7,2,2,2,2,2,Yes,3,Bachelor,26-35,Meduim Salary,New Employee,Very High
1056,1485,2,6,4,2,2,1,34,15,4,3,No,7,2,829,71,11929,17007,14,2,1,4,3,2,16,3,14,8,6,9,No,3,Bachelor,26-35,Very High Salary,Long-Term,Low
1063,1496,2,5,4,2,2,3,44,2,3,3,Yes,5,0,1193,86,19719,10209,18,2,3,2,3,2,16,2,2,2,2,2,No,1,Below College,36-45,High Salary,New Employee,High
1094,1547,2,1,2,2,2,2,42,2,3,3,Yes,2,1,288,40,18611,10124,14,4,4,3,3,1,24,3,20,8,13,9,No,3,Bachelor,36-45,High Salary,Long-Term,Very High
1139,1606,2,1,4,2,2,2,50,20,4,3,Yes,2,1,1234,41,20689,11245,15,2,3,3,3,3,32,3,30,8,12,13,No,5,Doctor,46-55,High Salary,Long-Term,High
1160,1633,2,5,4,2,1,3,39,4,2,3,No,0,0,711,81,3140,5042,13,1,3,4,3,1,10,2,9,2,3,8,No,3,Bachelor,36-45,Meduim Salary,Experienced,High
1167,1644,2,4,4,2,2,2,48,4,4,2,No,2,1,365,89,5602,15202,25,3,4,2,4,3,23,3,2,2,2,2,No,5,Doctor,46-55,Very High Salary,New Employee,Very High
1187,1667,3,8,5,2,2,3,35,12,2,3,Yes,3,0,880,36,10414,4581,24,4,4,1,4,4,13,2,11,9,6,7,Yes,4,Master,26-35,Meduim Salary,Long-Term,Very High
1188,1668,2,7,2,2,2,2,38,1,2,3,No,7,2,1189,90,9867,4735,15,4,4,4,3,4,19,4,13,11,2,9,No,3,Bachelor,36-45,Meduim Salary,Long-Term,Very High
1205,1691,3,9,4,2,1,2,48,7,1,3,Yes,2,2,708,95,11740,2655,11,4,3,3,3,3,19,3,9,7,7,7,Yes,2,College,46-55,Low Salary,Experienced,High
1224,1716,3,8,2,2,2,2,47,9,4,1,No,7,0,1093,82,24164,12936,11,3,3,3,3,1,25,3,23,5,14,10,Yes,3,Bachelor,46-55,High Salary,Long-Term,High
1246,1746,1,2,4,2,2,2,24,10,1,3,No,0,1,897,59,2097,2145,14,1,4,4,3,3,3,2,2,2,2,1,No,3,Bachelor,18-25,Low Salary,New Employee,Very High
1293,1812,3,8,2,2,2,1,39,20,2,3,No,2,1,766,83,19188,4127,18,3,4,4,3,3,7,6,2,1,2,2,No,3,Bachelor,36-45,Meduim Salary,New Employee,Very High
1307,1833,3,8,3,2,1,2,31,7,3,3,No,2,2,1125,68,8277,9637,14,1,1,4,3,3,9,3,3,2,2,2,No,4,Master,26-35,High Salary,Early Career,Low
1311,1837,2,6,2,2,2,2,58,15,4,3,Yes,2,0,1216,87,21624,15787,14,1,3,2,3,3,23,3,2,2,2,2,No,4,Master,56+,Very High Salary,New Employee,High
1335,1870,2,7,2,2,1,2,27,15,1,2,No,0,1,1131,77,23844,4774,19,4,1,4,3,2,8,2,7,6,7,3,No,3,Bachelor,26-35,Meduim Salary,Experienced,Low
1352,1900,2,4,4,2,1,1,48,22,4,3,No,3,1,117,58,2437,17174,11,4,4,2,3,3,24,3,22,17,4,7,No,3,Bachelor,46-55,Very High Salary,Long-Term,Very High
1362,1918,2,3,5,2,2,2,26,6,1,4,No,0,1,1096,61,7102,2544,18,3,4,1,3,3,8,3,7,7,7,7,No,3,Bachelor,26-35,Low Salary,Experienced,Very High
1378,1941,2,6,2,2,2,2,49,2,5,3,No,3,0,1064,42,13738,19161,15,2,4,4,3,3,28,3,5,4,4,3,No,1,Below College,46-55,Very High Salary,Early Career,Very High
1419,1997,2,5,2,2,2,2,38,6,2,2,No,2,1,508,72,14284,5321,11,1,3,4,3,3,10,1,8,3,7,7,No,4,Master,36-45,Meduim Salary,Experienced,High
19,23,3,4,2,3,1,2,53,2,4,2,No,2,0,1219,78,22021,15427,16,1,4,3,3,3,31,3,25,8,3,7,No,4,Master,46-55,Very High Salary,Long-Term,Very High
29,36,2,1,4,3,1,2,44,7,3,2,No,3,1,477,42,2094,10248,14,1,4,4,3,3,24,4,22,6,5,17,No,4,Master,36-45,High Salary,Long-Term,Very High
63,80,2,6,4,3,1,1,50,7,5,2,Yes,5,1,989,43,16701,18740,12,2,3,4,3,2,29,2,27,3,13,8,No,2,College,46-55,Very High Salary,Long-Term,High
77,100,3,8,3,3,2,3,35,1,2,2,No,0,0,776,32,23016,4312,14,3,1,2,3,3,16,2,15,13,2,8,No,4,Master,26-35,Meduim Salary,Long-Term,Low
117,153,2,4,4,3,1,3,34,5,3,2,No,2,0,1354,45,5615,11631,12,3,1,4,3,3,14,6,11,10,5,8,No,3,Bachelor,26-35,High Salary,Long-Term,Low
125,163,3,8,2,3,2,2,31,6,2,1,Yes,4,0,249,76,20739,6172,18,2,3,2,3,2,12,3,7,7,7,7,Yes,4,Master,26-35,Meduim Salary,Experienced,High
133,175,3,8,2,3,1,2,31,20,2,1,Yes,3,1,542,71,24788,4559,11,2,3,3,3,3,4,2,2,2,2,2,Yes,3,Bachelor,26-35,Meduim Salary,New Employee,High
138,182,3,8,2,3,1,2,39,4,2,2,No,4,1,1329,47,14590,5902,14,4,3,3,3,4,17,1,15,11,5,9,No,4,Master,36-45,Meduim Salary,Long-Term,High
139,183,3,8,2,3,2,2,25,28,2,2,No,2,0,959,41,24835,8639,18,1,3,4,3,3,6,3,2,2,2,2,No,3,Bachelor,18-25,High Salary,New Employee,High
159,215,3,8,3,3,2,2,40,4,3,2,No,7,1,630,67,8552,10855,11,3,4,1,3,2,15,2,12,11,2,11,No,4,Master,36-45,High Salary,Long-Term,Very High
188,254,2,6,4,3,2,3,55,14,5,4,No,8,0,692,61,13339,18722,11,3,2,4,3,3,36,3,24,15,2,15,No,4,Master,46-55,Very High Salary,Long-Term,Medium
191,259,2,4,2,3,2,2,52,1,5,2,No,0,1,699,65,5678,19999,14,3,3,1,3,3,34,5,33,18,11,9,No,4,Master,46-55,Very High Salary,Long-Term,High
214,296,2,6,2,3,2,2,51,8,3,2,No,5,2,1469,81,15736,12490,16,2,2,4,3,1,16,5,10,9,4,7,No,4,Master,46-55,High Salary,Experienced,Medium
231,316,2,3,2,3,1,3,52,2,1,2,No,7,0,1323,89,3300,3212,15,3,4,2,3,2,6,3,2,2,2,2,No,3,Bachelor,46-55,Meduim Salary,New Employee,Very High
248,339,2,5,2,3,2,2,34,2,2,2,No,6,1,470,84,23687,5957,13,4,1,2,3,3,13,3,11,9,5,9,No,4,Master,26-35,Meduim Salary,Long-Term,Low
257,351,2,3,4,3,1,1,42,2,1,2,Yes,0,1,269,56,8007,2593,11,4,1,3,3,3,10,4,9,6,7,8,No,3,Bachelor,36-45,Low Salary,Experienced,Low
264,363,3,4,6,3,1,2,46,2,4,1,Yes,3,1,488,75,14977,16872,12,3,2,2,3,2,28,2,7,7,7,7,No,3,Bachelor,46-55,Very High Salary,Experienced,Medium
267,367,2,1,4,3,2,2,31,23,2,2,No,0,1,1463,64,14408,5582,21,2,4,2,4,3,10,2,9,0,7,8,No,3,Bachelor,26-35,Meduim Salary,Experienced,Very High
277,381,2,4,2,3,1,1,35,22,3,4,No,7,1,1315,71,19100,11996,18,2,2,2,3,2,10,6,7,7,6,2,No,3,Bachelor,26-35,High Salary,Experienced,Medium
304,416,3,8,6,3,2,2,31,7,2,4,No,4,1,218,100,12241,6929,11,2,4,2,3,2,10,3,8,7,7,7,No,3,Bachelor,26-35,Meduim Salary,Experienced,Very High
305,417,2,1,4,3,2,1,39,1,3,4,No,0,3,1132,48,10942,9613,17,3,4,1,3,2,19,5,18,10,3,7,No,3,Bachelor,36-45,High Salary,Long-Term,Very High
318,433,2,7,4,3,2,2,52,8,2,2,No,2,0,723,85,17747,4941,15,3,2,1,3,2,11,3,8,2,7,7,Yes,4,Master,46-55,Meduim Salary,Experienced,Medium
324,440,2,7,4,3,2,2,28,2,1,1,Yes,5,0,1157,84,24737,3464,13,1,4,4,3,2,5,4,3,2,2,2,Yes,4,Master,26-35,Meduim Salary,Early Career,Very High
338,455,2,3,5,3,2,3,29,9,1,2,No,0,0,738,30,7621,3983,17,2,4,3,3,3,4,2,3,2,2,2,No,5,Doctor,26-35,Meduim Salary,Early Career,Very High
342,461,2,6,2,3,2,1,38,15,3,2,Yes,0,1,343,92,15682,11510,14,3,4,2,3,3,12,3,11,10,2,9,No,2,College,36-45,High Salary,Long-Term,Very High
354,474,2,7,4,3,2,1,37,6,2,4,Yes,4,2,1319,51,17001,5974,13,3,1,1,3,3,13,2,7,7,6,7,No,3,Bachelor,36-45,Meduim Salary,Experienced,Low
370,493,2,7,2,3,2,3,31,9,1,2,Yes,0,0,408,42,7551,2657,16,3,2,4,3,3,3,5,2,2,2,2,No,4,Master,26-35,Low Salary,New Employee,Medium
426,569,2,4,2,3,2,2,50,29,4,2,No,0,1,1099,88,9314,17046,15,2,3,2,3,3,28,2,27,10,15,7,No,4,Master,46-55,Very High Salary,Long-Term,High
431,577,2,3,2,3,2,3,35,22,1,1,No,0,0,144,46,19225,4230,15,4,3,3,3,3,6,2,5,4,4,3,No,3,Bachelor,26-35,Meduim Salary,Early Career,High
433,579,2,7,2,3,2,1,34,2,1,2,No,3,1,1303,62,8416,2768,12,4,3,3,3,3,14,3,7,3,5,7,No,4,Master,26-35,Low Salary,Experienced,High
485,653,3,8,4,3,2,1,31,6,2,4,No,4,2,525,66,6219,5460,22,1,4,4,4,4,13,4,7,7,5,7,No,4,Master,26-35,Meduim Salary,Experienced,Very High
521,712,3,8,3,3,2,2,48,2,2,4,No,3,0,817,56,18597,8120,12,2,2,4,3,3,12,3,2,2,2,2,No,1,Below College,46-55,High Salary,New Employee,Medium
536,731,1,4,1,3,2,1,41,10,5,2,No,3,3,427,73,8861,19141,15,2,4,2,3,2,23,2,21,6,12,6,No,4,Master,36-45,Very High Salary,Long-Term,Very High
541,741,2,7,2,3,1,3,28,1,1,1,Yes,7,0,654,67,3872,2216,13,1,2,4,3,3,10,4,7,7,3,7,Yes,2,College,26-35,Low Salary,Experienced,Medium
552,760,1,2,1,3,1,2,39,3,2,4,No,9,1,141,44,18767,6389,15,3,2,3,3,1,12,3,8,3,3,6,No,3,Bachelor,36-45,Meduim Salary,Experienced,Medium
554,763,2,7,4,3,1,3,40,2,1,2,Yes,0,0,804,86,22929,2342,20,4,4,4,4,2,5,2,4,2,2,3,No,1,Below College,36-45,Low Salary,Early Career,Very High
565,783,3,9,6,3,2,3,45,2,2,1,No,0,0,954,46,12388,6632,13,2,3,1,3,3,9,3,8,7,3,1,No,2,College,36-45,Meduim Salary,Experienced,High
597,826,2,7,2,3,1,3,35,1,1,4,No,3,0,1258,40,13301,2506,13,4,3,3,3,3,7,0,2,2,2,2,No,4,Master,26-35,Low Salary,New Employee,High
631,872,2,5,2,3,2,2,22,1,2,2,No,6,2,1230,33,19146,4775,22,4,4,1,4,1,4,2,2,2,2,2,No,2,College,18-25,Meduim Salary,New Employee,Very High
648,899,2,5,6,3,2,2,35,25,3,2,No,3,0,672,78,9129,10903,16,4,2,1,3,3,16,2,13,10,4,8,No,3,Bachelor,26-35,High Salary,Long-Term,Medium
676,941,3,9,2,3,2,2,31,7,1,2,No,3,0,154,41,11737,2329,15,2,3,2,3,4,13,2,7,7,5,2,No,4,Master,26-35,Low Salary,Experienced,High
696,970,3,8,2,3,2,2,37,1,3,2,No,5,0,625,46,14922,10609,11,1,3,3,3,1,17,2,14,1,11,7,Yes,4,Master,36-45,High Salary,Long-Term,High
736,1022,2,1,2,3,2,3,48,6,2,2,No,2,0,277,97,13119,4240,13,1,3,4,3,3,19,0,2,2,2,2,No,3,Bachelor,46-55,Meduim Salary,New Employee,High
737,1024,2,1,2,3,2,3,48,4,3,2,No,7,0,1355,78,22245,10999,14,3,3,2,3,3,27,3,15,11,4,8,No,4,Master,46-55,High Salary,Long-Term,High
744,1032,2,5,2,3,1,3,59,2,4,2,Yes,3,0,715,69,21829,13726,13,3,4,1,3,3,30,4,5,3,4,3,No,3,Bachelor,56+,High Salary,Early Career,Very High
751,1039,3,8,4,3,1,2,44,28,4,4,Yes,3,1,1448,53,11737,13320,18,4,4,3,3,3,23,2,12,11,11,11,No,3,Bachelor,36-45,High Salary,Long-Term,Very High
772,1070,3,8,2,3,1,2,54,2,3,2,No,6,1,1082,41,8392,10686,11,3,3,2,3,3,13,4,9,4,7,0,No,4,Master,46-55,High Salary,Experienced,High
774,1073,2,5,4,3,1,3,36,12,3,2,No,0,0,796,51,15669,8858,11,4,4,2,3,2,15,2,14,8,7,8,No,5,Doctor,36-45,High Salary,Long-Term,Very High
790,1098,1,2,4,3,2,2,44,1,3,2,No,9,1,1376,91,2326,10482,14,2,1,4,3,3,24,1,20,6,3,6,Yes,2,College,36-45,High Salary,Long-Term,Low
799,1108,2,7,4,3,2,3,33,25,1,2,Yes,4,0,1017,55,2993,2313,20,1,2,2,4,3,5,0,2,2,2,2,Yes,3,Bachelor,26-35,Low Salary,New Employee,Medium
808,1119,3,8,3,3,2,1,38,10,3,2,Yes,0,2,770,73,5569,8740,14,3,3,2,3,3,9,2,8,7,2,7,No,4,Master,36-45,High Salary,Experienced,High
822,1138,3,8,6,3,2,2,49,8,4,2,No,6,1,174,56,11879,13120,17,4,2,2,3,3,22,3,9,8,2,3,No,4,Master,46-55,High Salary,Experienced,Medium
847,1182,2,5,2,3,2,1,35,2,3,2,No,2,1,819,44,19588,10274,18,3,2,2,3,4,15,2,7,7,6,4,No,3,Bachelor,26-35,High Salary,Experienced,Medium
883,1237,2,5,6,3,1,1,36,1,3,1,Yes,2,1,363,77,4235,10252,21,3,1,3,4,3,17,2,7,7,7,7,No,3,Bachelor,36-45,High Salary,Experienced,Low
927,1293,3,8,3,3,1,3,43,4,3,2,No,3,0,531,56,20364,10231,14,4,4,4,3,4,23,3,21,7,15,17,No,4,Master,36-45,High Salary,Long-Term,Very High
938,1307,2,4,4,3,1,1,39,13,4,2,Yes,6,2,412,94,17334,17123,13,3,2,4,3,3,21,4,19,9,15,2,No,4,Master,36-45,Very High Salary,Long-Term,Medium
942,1311,2,3,6,3,1,2,30,6,2,2,No,0,1,1138,48,23631,4627,12,1,4,1,3,3,10,6,9,2,6,7,No,3,Bachelor,26-35,Meduim Salary,Experienced,Very High
956,1336,2,4,4,3,1,2,55,2,5,1,No,4,1,282,58,6992,19187,14,4,3,4,3,3,23,5,19,9,9,11,No,2,College,46-55,Very High Salary,Long-Term,High
967,1360,2,5,4,3,1,2,58,7,3,2,Yes,7,0,601,53,12023,10008,14,3,1,4,3,2,31,0,10,9,5,9,Yes,4,Master,56+,High Salary,Experienced,Low
976,1372,3,8,3,3,2,3,55,13,4,4,Yes,6,0,267,85,9277,13695,17,1,3,3,3,2,24,2,19,7,3,8,Yes,4,Master,46-55,High Salary,Long-Term,High
979,1375,2,1,4,3,1,1,40,2,2,4,No,5,3,1202,89,13888,6377,20,2,3,2,4,3,15,0,12,11,11,8,No,1,Below College,36-45,Meduim Salary,Long-Term,High
1022,1439,3,9,2,3,2,2,25,9,1,2,No,3,0,383,68,15182,4400,12,1,1,1,3,3,6,2,3,2,2,2,Yes,2,College,18-25,Meduim Salary,Early Career,Low
1044,1472,2,6,4,3,2,3,53,2,4,4,No,4,0,447,39,19764,16598,12,4,2,2,3,2,35,2,9,8,8,8,No,3,Bachelor,46-55,Very High Salary,Experienced,Medium
1049,1478,3,8,5,3,2,3,34,3,2,1,No,3,0,1326,81,15891,4759,18,4,1,4,3,3,15,2,13,9,3,12,No,3,Bachelor,26-35,Meduim Salary,Long-Term,Low
1054,1483,2,7,2,3,2,2,57,1,2,4,No,0,1,405,93,2721,4900,24,2,3,1,4,2,13,2,12,9,2,8,No,2,College,56+,Meduim Salary,Long-Term,High
1059,1489,3,8,4,3,1,3,34,24,2,2,Yes,0,0,790,40,7815,4599,23,1,2,3,4,4,16,2,15,9,10,10,Yes,4,Master,26-35,Meduim Salary,Long-Term,Medium
1101,1554,3,9,2,3,1,2,35,28,1,2,No,0,2,1402,98,26204,2430,23,2,3,1,4,3,6,5,5,3,4,2,No,4,Master,26-35,Low Salary,Early Career,High
1102,1555,2,7,2,3,1,2,32,5,2,2,No,3,1,824,67,15624,5878,12,4,2,1,3,3,12,2,7,1,2,5,No,2,College,26-35,Meduim Salary,Experienced,Medium
1125,1588,3,8,4,3,2,2,39,6,3,4,No,2,1,1462,38,4658,8237,11,4,3,1,3,3,11,3,7,6,7,6,No,3,Bachelor,36-45,High Salary,Experienced,High
1128,1592,2,7,6,3,2,2,23,10,1,4,No,2,1,977,45,12826,2073,16,4,3,4,3,3,4,2,2,2,2,2,No,3,Bachelor,18-25,Low Salary,New Employee,High
1163,1639,3,8,4,3,2,2,35,10,3,2,No,9,0,737,55,21530,10306,17,4,1,3,3,3,15,3,13,12,6,0,Yes,3,Bachelor,26-35,High Salary,Long-Term,Low
1168,1645,3,8,4,3,2,1,35,15,2,1,Yes,6,2,763,59,22098,5440,14,1,4,4,3,2,7,2,2,2,2,2,Yes,2,College,26-35,Meduim Salary,New Employee,Very High
1182,1661,2,1,2,3,1,2,49,6,4,2,Yes,2,1,465,41,11652,13966,19,3,3,2,3,3,30,3,15,11,2,12,No,1,Below College,46-55,High Salary,Long-Term,High
1237,1733,3,8,3,3,2,1,36,13,2,2,Yes,5,3,1456,96,8658,6134,13,2,1,2,3,3,16,3,2,2,2,2,Yes,5,Doctor,36-45,Meduim Salary,New Employee,Low
1271,1779,3,8,2,3,1,3,34,3,2,1,No,5,0,511,32,25353,6029,12,4,4,1,3,3,6,3,2,2,2,2,No,2,College,26-35,Meduim Salary,New Employee,Very High
1283,1798,2,7,2,3,2,2,33,8,1,4,No,6,1,867,90,6076,3143,19,4,1,2,3,3,14,1,10,8,7,6,No,4,Master,26-35,Meduim Salary,Experienced,Low
1304,1827,2,5,2,3,1,1,47,4,3,2,Yes,8,1,1001,92,19271,10333,12,3,2,3,3,3,28,4,22,11,14,10,No,3,Bachelor,46-55,High Salary,Long-Term,Medium
1314,1844,1,2,1,3,2,1,29,13,1,2,Yes,4,3,350,56,3157,2335,15,1,1,4,3,3,4,3,2,2,2,0,Yes,3,Bachelor,26-35,Low Salary,New Employee,Low
1327,1862,3,8,3,3,2,3,32,2,2,2,Yes,7,0,414,82,26186,9907,12,3,2,3,3,2,7,3,2,2,2,2,Yes,4,Master,26-35,High Salary,New Employee,Medium
1328,1863,3,8,6,3,1,1,46,3,4,4,No,2,1,1319,45,7739,13225,12,1,1,4,3,3,25,5,19,17,2,8,No,3,Bachelor,46-55,High Salary,Long-Term,Low
1331,1866,2,4,4,3,1,2,43,6,5,2,No,7,0,823,81,22539,19392,13,1,3,4,3,3,21,2,16,12,6,14,No,3,Bachelor,36-45,Very High Salary,Long-Term,High
1332,1867,2,6,2,3,2,2,48,10,5,2,No,4,0,1224,91,13583,19665,12,4,2,4,3,3,29,3,22,10,12,9,No,3,Bachelor,46-55,Very High Salary,Long-Term,Medium
1347,1888,2,5,2,3,1,2,45,25,2,2,No,0,2,556,93,23888,5906,13,2,4,4,3,2,10,2,9,8,3,8,No,2,College,36-45,Meduim Salary,Experienced,Very High
1353,1903,2,1,2,3,2,2,44,1,2,4,No,2,1,170,78,9364,5033,15,2,1,4,3,3,10,5,2,0,2,2,No,4,Master,36-45,Meduim Salary,New Employee,Low
1361,1916,2,3,4,3,1,1,31,4,1,4,No,8,1,471,62,16031,3978,12,1,3,2,3,2,4,0,2,2,2,2,No,3,Bachelor,26-35,Meduim Salary,New Employee,High
1429,2013,3,9,4,3,2,2,32,1,1,2,No,0,1,234,68,18024,2269,14,2,2,2,3,3,3,2,2,2,2,2,No,4,Master,26-35,Low Salary,New Employee,Medium
1440,2024,3,8,4,3,1,2,36,3,3,2,No,0,2,557,94,12695,7644,19,1,4,3,3,3,10,2,9,7,3,4,No,3,Bachelor,36-45,High Salary,Experienced,Very High
1456,2048,2,7,2,3,2,3,40,2,1,2,No,2,0,1322,52,2725,2809,14,3,3,4,3,3,8,2,2,2,2,2,No,4,Master,36-45,Low Salary,New Employee,High
1462,2055,3,8,3,3,2,1,50,28,3,2,Yes,4,1,410,39,16586,10854,13,4,1,2,3,3,20,3,3,2,2,0,Yes,3,Bachelor,46-55,High Salary,Early Career,Low
1463,2056,3,8,3,3,1,2,39,24,4,2,No,0,1,722,60,8828,12031,11,2,4,1,3,2,21,2,20,9,9,6,No,1,Below College,36-45,High Salary,Long-Term,Very High
35,45,2,7,4,3,2,2,24,1,1,3,Yes,2,1,813,61,3020,2293,16,2,4,1,3,2,6,2,2,0,2,0,Yes,3,Bachelor,18-25,Low Salary,New Employee,Very High
123,161,2,7,2,3,1,2,56,14,1,3,Yes,9,3,441,72,4510,4963,18,2,2,1,3,3,7,2,5,4,4,3,Yes,4,Master,56+,Meduim Salary,Early Career,Medium
436,582,2,4,4,3,2,2,33,15,3,3,Yes,7,0,1277,56,24619,13610,12,2,3,4,3,4,15,2,7,6,7,7,Yes,1,Below College,26-35,High Salary,Experienced,High
526,720,3,8,2,3,1,3,24,3,2,3,No,9,0,693,65,24785,4577,14,1,3,1,3,3,4,3,2,2,2,0,Yes,2,College,18-25,Meduim Salary,New Employee,High
596,825,2,6,2,3,2,3,58,2,5,3,Yes,7,0,286,31,25761,19246,12,4,2,4,3,3,40,2,31,15,13,8,Yes,4,Master,56+,Very High Salary,Long-Term,Medium
599,828,2,7,4,3,2,3,28,2,1,3,No,6,0,890,46,16374,4382,17,3,3,4,3,2,5,3,2,2,2,1,Yes,4,Master,26-35,Meduim Salary,New Employee,High
609,842,3,8,4,3,2,3,55,2,2,3,No,4,0,436,37,21519,5160,16,3,4,3,3,2,12,3,9,7,7,3,Yes,1,Below College,46-55,Meduim Salary,Experienced,Very High
670,932,2,3,4,3,2,2,39,6,1,3,Yes,7,0,1122,70,4303,2404,21,4,1,4,4,1,8,2,2,2,2,2,Yes,3,Bachelor,36-45,Low Salary,New Employee,Low
780,1081,2,7,2,3,2,2,51,4,1,3,Yes,9,3,1323,34,10332,2461,12,1,3,3,3,4,18,2,10,0,2,7,Yes,4,Master,46-55,Low Salary,Experienced,High
792,1100,3,8,6,3,2,3,35,4,3,3,Yes,0,0,1204,86,10333,9582,22,4,1,1,4,3,9,2,8,7,4,7,Yes,3,Bachelor,26-35,High Salary,Experienced,Low
933,1299,2,3,6,3,1,1,29,7,1,3,Yes,3,2,806,39,17285,3339,13,2,3,1,3,3,10,2,7,7,7,7,Yes,3,Bachelor,26-35,Meduim Salary,Experienced,High
948,1319,3,8,2,3,2,3,52,5,3,3,Yes,9,0,1030,64,21534,8446,19,2,2,3,3,2,10,2,8,7,7,7,Yes,3,Bachelor,46-55,High Salary,Experienced,Medium
1032,1457,3,8,3,3,2,1,46,9,3,3,No,4,1,377,52,15986,10096,11,1,4,1,3,4,28,1,7,7,4,3,Yes,3,Bachelor,46-55,High Salary,Experienced,Very High
1299,1821,2,1,4,3,1,2,46,21,2,3,No,4,1,261,66,10842,8926,22,4,2,4,4,4,13,2,9,7,3,7,Yes,2,College,46-55,High Salary,Experienced,Medium
1370,1933,3,8,3,3,1,3,28,13,2,3,Yes,3,0,1475,84,23352,9854,11,4,3,4,3,3,6,0,2,0,2,2,Yes,2,College,26-35,High Salary,New Employee,High
1397,1968,3,8,2,3,2,3,53,24,3,3,Yes,6,0,1168,66,5843,10448,13,1,1,2,3,2,15,2,2,2,2,2,Yes,4,Master,46-55,High Salary,New Employee,Low
1443,2027,2,7,4,3,2,2,29,1,1,3,Yes,9,3,1092,36,26124,4787,14,1,4,2,3,4,4,3,2,2,2,2,Yes,4,Master,26-35,Meduim Salary,New Employee,Very High
1445,2032,2,3,6,3,2,2,56,7,1,3,No,8,1,310,72,3666,2339,11,4,3,4,3,1,14,4,10,9,9,8,Yes,2,College,56+,Low Salary,Experienced,High
5,7,2,3,4,3,2,2,27,2,1,3,No,9,1,591,40,16632,3468,12,1,2,4,3,3,6,3,2,2,2,2,No,1,Below College,26-35,Meduim Salary,New Employee,Medium
10,13,2,1,4,3,2,2,36,27,2,3,No,6,2,1299,94,16577,5237,13,3,3,2,3,2,17,3,7,7,7,7,No,3,Bachelor,36-45,Meduim Salary,Experienced,High
23,28,2,6,2,3,1,3,34,7,3,3,No,0,0,419,53,21293,11994,11,1,2,3,3,3,13,4,12,6,2,11,No,4,Master,26-35,High Salary,Long-Term,Medium
26,32,2,4,5,3,1,1,53,5,5,3,No,4,1,1282,58,10735,19094,11,3,3,4,3,2,26,3,14,13,4,8,No,3,Bachelor,46-55,Very High Salary,Long-Term,High
28,35,3,8,3,3,2,2,42,8,2,3,No,0,1,691,48,21173,6825,11,3,2,4,3,3,10,2,9,7,4,2,No,4,Master,36-45,Meduim Salary,Experienced,Medium
30,38,3,4,3,3,1,3,46,2,5,3,No,3,0,705,83,22822,18947,12,2,1,4,3,2,22,2,2,2,2,1,No,4,Master,46-55,Very High Salary,New Employee,Low
58,75,2,3,4,3,1,2,35,23,1,3,Yes,3,1,1142,30,16002,4014,15,3,1,3,3,3,4,3,2,2,2,2,No,4,Master,26-35,Meduim Salary,New Employee,Low
64,81,3,8,2,3,1,3,59,25,3,3,No,7,0,1435,99,2354,7637,11,1,1,4,3,2,28,3,21,16,7,9,No,3,Bachelor,56+,High Salary,Long-Term,Low
124,162,2,6,2,3,2,3,51,6,5,3,No,7,0,684,51,6462,19537,13,1,3,3,3,3,23,5,20,18,15,15,No,3,Bachelor,46-55,Very High Salary,Long-Term,High
129,169,2,3,6,3,2,2,22,2,1,3,No,0,1,594,100,19299,2523,14,3,4,3,3,3,3,2,2,1,2,1,No,1,Below College,18-25,Low Salary,New Employee,Very High
140,184,1,2,1,3,2,2,30,9,2,3,Yes,0,0,1240,48,13982,6347,19,3,4,4,3,1,12,2,11,9,4,7,No,3,Bachelor,26-35,Meduim Salary,Long-Term,Very High
143,193,2,7,6,3,1,3,38,3,2,3,Yes,3,0,364,32,2302,4317,20,4,3,2,4,3,19,2,3,2,2,2,No,5,Doctor,36-45,Meduim Salary,Early Career,High
146,197,2,7,6,3,1,1,30,5,1,3,No,5,1,201,84,10415,3204,14,4,1,4,3,3,8,3,3,2,2,2,No,3,Bachelor,26-35,Meduim Salary,Early Career,Low
153,205,3,9,3,3,2,2,53,6,2,3,Yes,2,1,1436,34,16047,2306,20,2,3,4,4,1,13,3,7,7,4,5,No,2,College,46-55,Low Salary,Experienced,High
166,226,2,4,2,3,1,3,50,11,5,3,No,3,0,1452,53,17053,19926,15,3,2,2,3,3,21,5,5,4,4,4,No,3,Bachelor,46-55,Very High Salary,Early Career,Medium
168,228,3,8,2,3,1,2,30,5,3,3,No,2,1,1339,41,8053,9419,12,2,4,3,3,3,12,2,10,9,7,4,No,3,Bachelor,26-35,High Salary,Experienced,Very High
176,241,2,7,2,3,1,1,56,8,1,3,Yes,4,1,713,67,13939,4257,18,3,1,3,3,3,19,3,2,2,2,2,No,3,Bachelor,56+,Meduim Salary,New Employee,Low
204,281,2,3,4,3,2,2,40,19,2,3,Yes,8,1,905,99,16523,2741,15,3,4,3,3,4,15,2,7,2,3,7,No,2,College,36-45,Low Salary,Experienced,Very High
221,304,2,3,2,3,2,3,36,5,2,3,No,8,0,1396,62,9945,5914,16,4,2,4,3,4,16,3,13,11,3,7,No,2,College,36-45,Meduim Salary,Long-Term,Medium
224,307,3,8,2,3,2,1,38,3,3,3,No,0,2,119,76,9647,10609,12,1,3,3,3,2,17,6,16,10,5,13,No,3,Bachelor,36-45,High Salary,Long-Term,High
233,321,1,2,4,3,2,2,59,6,1,3,No,8,0,818,52,25657,2267,17,2,3,4,3,2,7,2,2,2,2,2,No,2,College,56+,Low Salary,New Employee,High
258,352,2,6,4,3,2,1,40,2,5,3,No,0,1,1416,49,5949,19436,19,1,3,4,3,3,22,5,21,7,3,9,No,2,College,36-45,Very High Salary,Long-Term,High
269,372,2,1,4,3,2,2,45,20,4,3,Yes,0,0,1385,79,7501,13496,14,3,4,2,3,3,21,2,20,7,4,10,No,2,College,36-45,High Salary,Long-Term,Very High
270,373,2,3,2,3,2,2,36,6,1,3,No,0,1,1403,47,20251,3210,11,4,4,3,3,3,16,4,15,13,10,11,No,3,Bachelor,36-45,Meduim Salary,Long-Term,Very High
271,374,2,4,4,3,2,3,55,1,5,3,Yes,0,0,452,81,18938,19045,14,4,1,3,3,3,37,2,36,10,4,13,No,3,Bachelor,46-55,Very High Salary,Long-Term,Low
292,397,2,7,6,3,2,3,36,3,2,3,No,4,0,506,30,26285,4485,12,3,2,4,3,3,10,2,8,0,7,7,No,3,Bachelor,36-45,Meduim Salary,Experienced,Medium
298,406,3,8,3,3,2,2,35,16,3,3,No,0,2,1232,96,5100,8020,15,3,2,3,3,2,12,3,11,9,6,9,No,3,Bachelor,26-35,High Salary,Long-Term,Medium
313,426,2,7,2,3,2,1,31,2,1,3,Yes,0,1,192,32,7747,2695,18,3,4,2,3,1,3,2,2,2,2,2,No,4,Master,26-35,Low Salary,New Employee,Very High
335,452,2,7,5,3,2,2,45,8,2,3,No,9,2,549,75,9278,3697,14,4,4,1,3,3,12,3,10,9,9,8,No,4,Master,36-45,Meduim Salary,Experienced,Very High
378,501,2,7,2,3,1,2,36,2,1,3,No,4,1,329,96,11868,2543,13,4,3,2,3,3,6,3,2,2,2,2,No,3,Bachelor,36-45,Low Salary,New Employee,High
403,533,3,8,6,3,1,3,30,12,2,3,No,0,0,1082,83,19558,6577,11,2,3,2,3,3,6,6,5,4,4,4,No,3,Bachelor,26-35,Meduim Salary,Early Career,High
412,549,2,4,2,3,1,2,60,7,5,3,No,5,0,422,41,3854,19566,11,1,1,4,3,1,33,5,29,8,11,10,No,3,Bachelor,56+,Very High Salary,Long-Term,Low
445,595,3,8,3,3,1,2,48,2,2,3,No,2,1,163,37,19658,4051,14,2,4,1,3,3,14,2,9,7,6,7,No,5,Doctor,46-55,Meduim Salary,Experienced,Very High
446,597,3,4,2,3,1,3,55,18,4,3,No,3,0,1117,83,9873,16835,23,1,2,4,4,3,37,2,10,9,7,7,No,5,Doctor,46-55,Very High Salary,Experienced,Medium
448,600,3,8,3,3,2,2,35,1,2,3,No,9,0,619,85,18659,4717,11,2,3,3,3,3,15,2,11,9,6,9,No,3,Bachelor,26-35,Meduim Salary,Long-Term,High
449,601,2,5,2,3,1,3,40,6,4,3,No,7,0,302,75,20364,13237,15,2,3,3,3,3,22,3,20,6,5,13,No,3,Bachelor,36-45,High Salary,Long-Term,High
453,606,3,8,5,3,2,2,45,2,2,3,No,0,1,561,61,16177,4805,19,4,2,2,3,4,9,3,8,7,3,7,No,3,Bachelor,36-45,Meduim Salary,Experienced,Medium
467,625,3,4,2,3,1,2,41,2,4,3,No,7,1,1276,91,5626,16595,16,2,1,2,3,3,22,2,18,16,11,8,No,5,Doctor,36-45,Very High Salary,Long-Term,Low
469,630,2,7,6,3,2,1,52,6,2,3,Yes,3,2,956,78,22087,5577,12,4,1,2,3,3,18,3,10,9,6,9,No,2,College,46-55,Meduim Salary,Experienced,Low
473,635,2,5,2,3,1,2,37,1,2,3,No,6,1,446,65,15701,6447,12,2,2,2,3,2,8,2,6,5,4,3,No,4,Master,36-45,Meduim Salary,Experienced,Medium
499,675,2,7,4,3,2,2,22,6,1,3,No,0,0,604,69,12145,2773,20,1,3,4,4,3,3,3,2,2,2,2,No,1,Below College,18-25,Low Salary,New Employee,High
503,682,3,8,4,3,1,3,53,1,2,3,No,7,0,238,34,7507,8381,20,4,1,4,4,4,18,2,14,7,8,10,No,1,Below College,46-55,High Salary,Long-Term,Low
511,698,1,2,4,3,2,2,54,19,3,3,No,2,1,397,88,6729,10725,15,3,2,3,3,4,16,1,9,7,7,1,No,4,Master,46-55,High Salary,Experienced,Medium
532,727,2,6,2,3,1,3,32,3,3,3,No,3,0,1018,39,19373,11159,15,3,4,4,3,3,10,6,7,7,7,7,No,2,College,26-35,High Salary,Experienced,Very High
537,732,3,8,3,3,2,3,60,16,2,3,No,8,0,1179,84,11924,5405,14,1,1,4,3,3,10,1,2,2,2,2,No,4,Master,56+,Meduim Salary,New Employee,Low
540,738,3,9,3,3,2,2,50,8,1,3,No,7,1,316,54,9983,3875,15,4,2,4,3,3,4,2,2,2,2,2,No,4,Master,46-55,Meduim Salary,New Employee,Medium
546,747,3,8,3,3,2,1,30,27,2,3,No,7,1,501,99,25275,5304,23,3,4,4,4,2,10,2,8,7,7,7,No,5,Doctor,26-35,Meduim Salary,Experienced,Very High
550,757,2,1,4,3,1,3,34,8,2,3,No,3,0,970,96,7360,6142,11,2,3,4,3,3,10,2,5,1,4,3,No,2,College,26-35,Meduim Salary,Early Career,High
557,769,2,3,2,3,2,3,53,6,2,3,No,2,0,346,86,10919,2450,17,4,4,4,3,3,19,4,2,2,2,2,No,3,Bachelor,46-55,Low Salary,New Employee,Very High
578,802,2,7,2,3,1,1,37,10,1,3,Yes,0,2,571,82,19905,2782,13,4,1,2,3,2,6,3,5,3,4,3,No,1,Below College,36-45,Low Salary,Early Career,Low
591,817,2,6,4,3,2,2,33,7,3,3,No,0,0,213,49,25995,11691,11,3,3,4,3,4,14,3,13,9,3,7,No,3,Bachelor,26-35,High Salary,Long-Term,High
617,851,3,4,3,3,1,2,51,26,4,3,No,2,1,1318,66,5594,16307,14,1,3,3,3,2,29,2,20,6,4,17,No,4,Master,46-55,Very High Salary,Long-Term,High
618,852,2,1,4,3,2,3,44,4,2,3,No,9,0,625,50,5197,5933,12,4,2,4,3,2,10,2,5,2,2,3,No,3,Bachelor,36-45,Meduim Salary,Early Career,Medium
647,897,3,8,3,3,2,2,53,8,4,3,No,5,1,868,73,22789,11836,14,1,4,3,3,3,28,3,2,0,2,2,No,3,Bachelor,46-55,High Salary,New Employee,Very High
650,901,2,6,2,3,1,3,53,23,4,3,No,6,0,102,72,20206,14275,18,4,4,3,3,3,33,0,12,9,3,8,No,4,Master,46-55,High Salary,Long-Term,Very High
652,903,3,8,3,3,1,2,47,2,2,3,Yes,0,1,249,35,17783,4537,22,3,4,1,4,3,8,2,7,6,7,7,No,2,College,46-55,Meduim Salary,Experienced,Very High
665,924,2,1,2,3,2,2,36,14,2,3,Yes,0,1,1425,68,4821,6586,17,3,4,1,3,2,17,2,16,8,4,11,No,1,Below College,36-45,Meduim Salary,Long-Term,Very High
669,930,2,7,4,3,1,1,28,9,1,3,No,5,1,995,77,9834,2377,18,3,3,2,3,3,6,2,2,2,2,2,No,3,Bachelor,26-35,Low Salary,New Employee,High
687,957,2,3,4,3,2,3,41,6,1,3,Yes,2,0,263,59,3119,4721,13,4,1,3,3,3,20,3,18,13,2,17,No,3,Bachelor,36-45,Meduim Salary,Long-Term,Low
688,958,2,3,4,3,2,3,36,2,1,3,No,4,0,938,79,12287,2519,21,3,3,3,4,3,16,6,11,8,3,9,No,4,Master,36-45,Low Salary,Long-Term,High
691,961,2,1,4,3,1,2,31,12,2,3,Yes,0,2,616,41,17369,5855,11,4,4,3,3,1,10,2,9,7,8,5,No,3,Bachelor,26-35,Meduim Salary,Experienced,Very High
700,976,2,4,2,3,2,2,52,1,4,3,No,2,1,1053,70,13829,17099,15,4,4,2,3,2,26,2,9,8,7,8,No,2,College,46-55,Very High Salary,Experienced,Very High
702,981,3,4,4,3,2,1,53,2,4,3,No,6,1,1376,45,13938,14852,13,3,3,3,3,4,22,3,17,13,15,2,No,2,College,46-55,High Salary,Long-Term,High
703,982,3,8,5,3,2,1,30,8,3,3,No,5,1,231,62,9977,7264,11,3,3,1,3,4,10,2,8,4,7,7,No,2,College,26-35,High Salary,Experienced,High
718,1001,2,3,6,3,1,2,27,16,1,3,No,9,1,1134,37,12086,2811,14,3,2,2,3,3,4,2,2,2,2,2,No,4,Master,26-35,Low Salary,New Employee,Medium
738,1025,2,5,4,3,1,3,41,7,2,3,No,6,0,549,42,23371,5003,14,4,3,2,3,3,8,6,2,2,2,1,No,2,College,36-45,Meduim Salary,New Employee,High
740,1027,2,5,2,3,1,2,27,2,2,3,No,0,1,1055,47,4658,4227,18,1,4,2,3,3,4,2,3,2,2,2,No,4,Master,26-35,Meduim Salary,Early Career,Very High
767,1061,2,6,4,3,2,2,50,2,5,3,Yes,2,1,1464,62,12853,19237,11,2,3,4,3,2,29,2,8,1,7,7,No,4,Master,46-55,Very High Salary,Experienced,High
771,1069,2,6,4,3,2,1,46,1,5,3,No,9,2,430,40,21445,19627,17,4,4,4,3,3,23,0,2,2,2,2,No,4,Master,46-55,Very High Salary,New Employee,Very High
786,1092,2,1,6,3,2,2,40,20,3,3,No,4,1,1492,61,26542,10322,20,1,4,4,4,3,14,6,11,10,11,1,No,4,Master,36-45,High Salary,Long-Term,Very High
800,1109,2,4,4,3,2,2,42,2,4,3,No,0,1,469,35,14399,17665,17,4,1,4,3,3,23,3,22,6,13,7,No,2,College,36-45,Very High Salary,Long-Term,Low
807,1118,2,1,2,3,2,3,52,7,3,3,No,7,0,994,87,15322,10445,19,2,2,4,3,3,18,4,8,6,4,0,No,4,Master,46-55,High Salary,Experienced,Medium
811,1124,3,4,3,3,2,2,46,3,4,3,No,3,1,406,52,15596,17465,12,1,3,4,3,3,23,3,12,9,4,9,No,1,Below College,46-55,Very High Salary,Long-Term,High
852,1191,2,4,6,3,1,1,56,4,5,3,No,4,1,718,92,18575,19943,13,4,1,4,3,3,28,2,5,2,4,2,No,4,Master,56+,Very High Salary,Early Career,Low
859,1201,2,4,4,3,1,1,53,7,5,3,No,3,1,1223,50,18640,18606,18,4,3,2,3,3,26,6,7,7,4,7,No,2,College,46-55,Very High Salary,Experienced,High
862,1204,3,4,3,3,1,2,46,2,4,3,No,8,0,1402,69,24097,17048,23,3,1,1,4,3,28,2,26,15,15,9,No,3,Bachelor,46-55,Very High Salary,Long-Term,Low
884,1238,2,7,4,3,2,2,33,9,1,3,No,0,1,117,60,6311,2781,13,1,4,2,3,3,15,5,14,10,4,10,No,3,Bachelor,26-35,Low Salary,Long-Term,Very High
887,1241,2,7,4,3,2,2,30,1,1,3,Yes,0,1,1465,63,9369,3579,21,4,2,1,4,3,12,2,11,9,5,7,No,3,Bachelor,26-35,Meduim Salary,Long-Term,Medium
908,1267,3,4,3,3,2,2,44,5,5,3,No,7,1,1099,88,8751,18213,11,2,2,3,3,3,26,5,22,9,3,10,No,3,Bachelor,36-45,Very High Salary,Long-Term,Medium
920,1283,2,5,4,3,2,3,59,18,3,3,No,6,0,1429,67,20002,10512,12,4,4,4,3,2,25,6,9,7,5,4,No,4,Master,56+,High Salary,Experienced,Very High
925,1291,2,7,2,3,2,2,35,6,1,3,Yes,0,0,735,66,6020,3506,14,3,3,4,3,3,4,3,3,2,2,2,No,1,Below College,26-35,Meduim Salary,Early Career,High
928,1294,2,5,2,3,1,3,36,2,2,3,Yes,9,0,429,53,2323,5410,11,3,2,4,3,3,18,2,16,14,5,12,No,4,Master,36-45,Meduim Salary,Long-Term,Medium
944,1314,1,2,2,3,1,3,46,1,1,3,No,6,0,991,44,22957,3423,12,4,1,3,3,4,10,3,7,6,5,7,No,2,College,46-55,Meduim Salary,Experienced,Low
957,1338,1,4,2,3,2,3,56,8,5,3,No,6,0,206,99,4022,19717,14,4,2,1,3,3,36,4,7,3,7,7,No,4,Master,56+,Very High Salary,Experienced,Medium
977,1373,2,5,2,3,2,2,56,23,4,3,Yes,4,1,1369,68,18235,13402,12,4,2,1,3,3,33,0,19,16,15,9,No,3,Bachelor,56+,High Salary,Long-Term,Medium
980,1377,2,3,4,3,2,2,34,29,2,3,No,4,2,285,86,17491,5429,13,2,3,1,3,3,10,1,8,7,7,7,No,3,Bachelor,26-35,Meduim Salary,Experienced,High
1009,1422,2,6,4,3,1,3,54,1,4,3,No,6,0,971,54,5652,17328,19,4,4,4,3,2,29,3,20,7,12,7,No,3,Bachelor,46-55,Very High Salary,Long-Term,Very High
1025,1443,2,6,4,3,1,2,47,2,4,3,No,3,2,359,82,26703,17169,19,1,3,2,3,4,26,2,20,17,5,6,No,4,Master,46-55,Very High Salary,Long-Term,High
1039,1466,3,8,3,3,2,1,48,7,2,3,No,4,3,1221,96,24795,5486,11,3,1,1,3,3,15,3,2,2,2,2,No,3,Bachelor,46-55,Meduim Salary,New Employee,Low
1050,1479,3,8,2,3,2,2,30,16,2,3,No,8,2,1358,96,2939,5301,15,4,3,3,3,2,4,2,2,1,2,2,No,1,Below College,26-35,Meduim Salary,New Employee,High
1079,1523,2,6,2,3,2,2,44,28,4,3,No,3,1,136,32,22074,16328,13,4,1,3,3,4,24,1,20,6,14,17,No,3,Bachelor,36-45,Very High Salary,Long-Term,Low
1080,1525,2,5,2,3,1,3,39,6,3,3,No,4,0,1089,32,9150,8376,18,2,2,4,3,3,9,3,2,0,2,2,No,3,Bachelor,36-45,High Salary,New Employee,Medium
1081,1527,3,4,2,3,1,2,46,3,4,3,No,8,1,228,51,11380,16606,12,3,2,4,3,4,23,2,13,12,5,1,No,3,Bachelor,46-55,Very High Salary,Long-Term,Medium
1088,1541,3,9,6,3,2,2,34,7,1,3,Yes,0,1,1440,55,4944,2308,25,2,3,2,4,3,12,4,11,10,5,7,No,2,College,26-35,Low Salary,Long-Term,High
1095,1548,3,8,4,3,2,2,40,9,2,3,No,0,0,1342,47,19345,5473,12,1,1,4,3,4,9,5,8,4,7,1,No,2,College,36-45,Meduim Salary,Experienced,Low
1104,1557,3,8,2,3,1,1,48,16,2,3,No,8,1,492,96,13693,6439,14,3,3,3,3,3,18,2,8,7,7,7,No,4,Master,46-55,Meduim Salary,Experienced,High
1106,1560,3,8,2,3,2,2,33,8,2,3,No,2,1,1242,46,10589,6392,13,1,1,4,3,1,8,6,2,2,2,2,No,4,Master,26-35,Meduim Salary,New Employee,Low
1115,1576,2,7,5,3,1,2,48,15,1,3,No,8,1,1108,65,16530,2367,12,3,1,4,3,2,10,3,8,2,7,6,No,4,Master,46-55,Low Salary,Experienced,Low
1118,1580,2,7,2,3,2,2,34,1,2,3,No,9,1,1351,45,13008,5484,17,2,4,2,3,2,9,3,2,2,2,1,No,4,Master,26-35,Meduim Salary,New Employee,Very High
1120,1582,3,8,2,3,2,2,38,14,2,3,No,0,1,1245,80,12355,9924,11,3,2,4,3,3,10,3,9,8,7,7,No,3,Bachelor,36-45,High Salary,Experienced,Medium
1149,1618,2,5,4,3,2,2,39,10,2,3,No,2,3,1387,76,3835,5377,13,2,1,4,3,3,10,3,7,7,7,7,No,5,Doctor,36-45,Meduim Salary,Experienced,Low
1165,1641,2,5,2,3,1,3,40,16,3,3,Yes,6,0,448,84,19948,7945,15,3,4,4,3,2,18,2,4,2,3,3,No,3,Bachelor,36-45,High Salary,Early Career,Very High
1185,1665,2,4,4,3,1,2,54,22,4,3,No,3,1,584,91,18685,17426,25,2,3,3,4,3,36,6,10,8,4,7,No,5,Doctor,46-55,Very High Salary,Experienced,High
1193,1674,2,3,4,3,1,1,49,16,1,3,Yes,4,1,464,74,24941,2587,16,4,1,2,3,2,17,2,2,2,2,2,No,3,Bachelor,46-55,Low Salary,New Employee,Low
1201,1683,1,2,2,3,1,1,44,1,1,3,Yes,4,3,528,44,4167,3195,18,3,4,1,3,3,8,2,2,2,2,2,No,3,Bachelor,36-45,Meduim Salary,New Employee,Very High
1221,1710,3,9,2,3,1,3,36,2,2,3,No,3,0,530,51,7439,4502,15,3,4,3,3,2,17,2,13,7,6,7,No,4,Master,36-45,Meduim Salary,Long-Term,Very High
1276,1786,2,4,6,3,1,2,51,3,3,3,No,2,0,942,53,22984,13116,11,1,3,4,3,3,15,2,2,2,2,2,No,3,Bachelor,46-55,High Salary,New Employee,High
1278,1789,2,6,4,3,2,1,46,2,5,3,Yes,7,1,734,46,14218,19328,17,3,4,3,3,3,24,3,2,1,2,2,No,4,Master,46-55,Very High Salary,New Employee,Very High
1279,1790,2,1,2,3,2,2,36,10,3,3,Yes,7,1,1383,90,25949,8321,13,4,1,4,3,3,15,1,12,8,5,7,No,3,Bachelor,36-45,High Salary,Long-Term,Low
1281,1794,1,2,5,3,2,1,37,8,2,3,No,2,0,1239,89,12832,4071,13,3,2,3,3,2,19,4,10,0,4,7,No,2,College,36-45,Meduim Salary,Experienced,Medium
1285,1800,2,6,4,3,2,3,39,10,3,3,No,7,0,1253,65,7914,13464,21,3,3,3,4,3,9,3,4,3,2,2,No,1,Below College,36-45,High Salary,Early Career,High
1296,1815,3,8,3,3,1,1,41,4,3,3,Yes,0,1,796,81,26458,10447,13,3,3,4,3,4,23,3,22,14,13,5,No,1,Below College,36-45,High Salary,Long-Term,High
1305,1829,2,1,2,3,1,1,40,12,2,3,No,2,1,750,47,10748,4448,12,2,1,2,3,3,15,3,7,4,7,7,No,3,Bachelor,36-45,Meduim Salary,Experienced,Low
1322,1856,2,3,2,3,1,3,47,9,1,3,No,4,0,207,64,5411,2105,12,2,3,3,3,3,7,2,2,2,2,0,No,4,Master,46-55,Low Salary,New Employee,High
1323,1857,2,5,2,3,2,1,46,2,3,3,No,3,1,706,82,19989,8578,14,4,4,3,3,2,12,4,9,8,4,7,No,2,College,46-55,High Salary,Experienced,Very High
1336,1871,2,7,5,3,2,1,39,19,2,3,No,8,3,835,41,5141,3902,14,4,4,2,3,3,7,2,2,2,2,2,No,4,Master,36-45,Meduim Salary,New Employee,Very High
1349,1892,2,4,2,3,2,1,40,1,4,3,No,2,1,1137,98,18991,16823,11,1,1,1,3,3,22,3,19,7,11,16,No,4,Master,36-45,Very High Salary,Long-Term,Low
1358,1911,2,6,4,3,2,2,42,6,3,3,No,9,1,1396,83,14842,13348,13,3,1,2,3,4,18,3,13,7,5,7,No,3,Bachelor,36-45,High Salary,Long-Term,Low
1387,1952,2,3,4,3,2,3,26,1,1,3,No,0,0,157,95,20006,2867,13,3,1,4,3,2,8,6,7,7,7,6,No,3,Bachelor,26-35,Low Salary,Experienced,Low
1398,1969,2,7,2,3,1,2,54,9,2,3,No,3,2,155,67,22474,2897,11,1,3,3,3,2,9,6,4,3,2,3,No,2,College,46-55,Low Salary,Early Career,High
1404,1975,3,8,3,3,2,3,39,15,4,3,No,0,0,119,77,25098,13341,12,2,1,1,3,3,21,3,20,8,11,10,No,4,Master,36-45,High Salary,Long-Term,Low
1411,1986,3,8,3,3,1,2,40,2,2,3,No,3,1,444,92,4258,5677,14,2,2,3,3,3,15,4,11,8,5,10,No,2,College,36-45,Meduim Salary,Long-Term,Medium
1415,1993,2,1,4,3,2,3,47,25,3,3,No,2,0,1180,84,13084,8633,23,1,3,2,4,3,25,3,17,14,12,11,No,3,Bachelor,46-55,High Salary,Long-Term,High
1417,1995,3,8,2,3,2,2,38,1,2,3,No,0,2,1321,86,7636,4440,15,4,2,1,3,3,16,3,15,13,5,8,No,4,Master,36-45,Meduim Salary,Long-Term,Medium
1423,2003,2,3,4,3,2,2,35,11,1,3,Yes,7,1,1490,43,20232,2660,11,4,3,3,3,3,5,3,2,2,2,2,No,4,Master,26-35,Low Salary,New Employee,High
1426,2009,2,1,4,3,1,2,33,15,2,3,Yes,0,1,501,95,21653,4878,13,2,4,1,3,3,10,6,9,7,8,1,No,2,College,26-35,Meduim Salary,Experienced,Very High
1444,2031,2,4,2,3,2,2,42,2,5,3,No,5,0,300,56,17312,18880,11,1,3,1,3,2,24,2,22,6,4,14,No,3,Bachelor,36-45,Very High Salary,Long-Term,High
62,79,2,3,2,2,1,3,38,29,2,3,No,1,0,653,50,5456,2406,11,4,4,4,3,3,10,2,10,3,9,9,No,5,Doctor,36-45,Low Salary,Experienced,Very High
65,83,2,1,6,3,1,1,36,8,3,3,No,1,3,1223,59,8202,10096,13,3,3,2,3,3,17,2,17,14,12,8,No,3,Bachelor,36-45,High Salary,Long-Term,High
91,119,2,1,2,2,2,2,40,1,4,2,No,1,1,530,78,14115,13503,22,3,2,4,4,2,22,3,22,3,11,11,No,4,Master,36-45,High Salary,Long-Term,Medium
109,143,2,7,4,3,2,2,25,7,1,2,No,1,2,1280,64,26897,2889,11,4,4,3,3,3,2,2,2,2,2,1,No,1,Below College,18-25,Low Salary,New Employee,Very High
120,158,3,4,2,2,2,2,43,26,4,3,Yes,1,2,394,92,19494,16959,12,3,4,4,3,4,25,3,25,12,4,12,No,2,College,36-45,Very High Salary,Long-Term,Very High
130,170,2,5,4,3,1,2,49,20,2,3,No,1,0,470,96,5549,6567,14,3,1,3,3,2,16,2,15,11,5,11,No,4,Master,46-55,Meduim Salary,Long-Term,Low
151,202,2,7,4,2,1,1,40,26,2,3,No,1,1,1395,54,8504,5605,11,2,2,1,3,3,20,2,20,7,2,13,No,3,Bachelor,36-45,Meduim Salary,Long-Term,Medium
161,217,2,7,4,3,2,2,22,19,1,3,No,1,2,1256,80,11992,2323,24,3,4,1,4,3,2,6,2,2,2,2,No,1,Below College,18-25,Low Salary,New Employee,Very High
179,244,3,8,3,3,1,1,46,1,3,3,No,1,3,526,92,2137,10453,25,2,1,3,4,3,24,2,24,13,15,7,No,2,College,46-55,High Salary,Long-Term,Low
180,245,2,3,2,3,1,3,38,9,1,3,No,1,0,1380,75,6319,2288,12,3,4,3,3,3,2,3,2,2,2,1,No,2,College,36-45,Low Salary,New Employee,Very High
187,253,2,4,4,3,1,2,40,4,5,3,No,1,1,989,46,6499,19033,14,4,3,2,3,3,21,2,20,8,9,9,No,1,Below College,36-45,Very High Salary,Long-Term,High
207,284,2,7,2,3,2,1,22,5,1,4,Yes,1,1,1136,60,12392,2328,16,4,2,1,3,2,4,2,4,2,2,2,No,3,Bachelor,18-25,Low Salary,Early Career,Medium
232,319,2,4,6,3,2,2,42,4,5,3,No,1,0,532,58,4933,19232,11,3,4,4,3,3,22,3,22,17,11,15,No,2,College,36-45,Very High Salary,Long-Term,Very High
238,329,3,4,2,1,2,3,52,2,5,2,Yes,1,0,771,79,21030,19068,18,1,3,4,3,4,33,2,33,7,15,12,No,4,Master,46-55,Very High Salary,Long-Term,High
244,335,2,7,6,3,2,1,40,24,2,3,No,1,2,1300,62,24447,3319,17,1,4,1,3,3,9,3,9,8,4,7,No,2,College,36-45,Meduim Salary,Experienced,Very High
278,382,3,8,4,3,1,1,38,7,2,4,Yes,1,1,322,44,19191,5605,24,1,1,3,4,3,8,3,8,0,7,7,No,2,College,36-45,Meduim Salary,Experienced,Low
282,387,3,8,2,3,2,2,42,1,2,3,No,1,0,635,99,24532,4907,25,2,3,3,4,3,20,3,20,16,11,6,No,1,Below College,36-45,Meduim Salary,Long-Term,High
286,391,2,7,2,3,1,3,37,1,1,3,No,1,0,1372,42,15881,2115,12,4,4,2,3,3,17,3,17,12,5,7,No,3,Bachelor,36-45,Low Salary,Long-Term,Very High
312,425,2,3,2,2,2,1,45,7,3,3,No,1,1,1249,97,20308,5210,18,1,1,1,3,3,24,2,24,9,9,11,No,3,Bachelor,36-45,Meduim Salary,Long-Term,Low
315,429,2,4,4,3,2,2,39,10,4,3,Yes,1,0,117,99,5355,17068,14,3,1,4,3,3,21,3,21,9,11,10,No,1,Below College,36-45,Very High Salary,Long-Term,Low
327,444,2,4,4,2,2,2,39,7,5,2,No,1,1,672,54,21141,19272,15,3,4,1,3,3,21,2,21,9,13,3,No,2,College,36-45,Very High Salary,Long-Term,Very High
363,484,3,9,4,1,2,3,21,9,1,3,No,1,0,895,39,2851,2610,24,1,4,3,4,2,3,3,3,2,2,2,No,2,College,18-25,Low Salary,Early Career,Very High
385,513,3,8,4,3,2,2,36,2,3,2,No,1,2,164,61,3809,7596,13,2,3,2,3,3,10,2,10,9,9,0,No,2,College,36-45,High Salary,Experienced,High
387,515,2,3,2,3,1,1,37,14,1,3,No,1,1,1107,95,26914,3034,12,4,1,3,3,2,18,2,18,7,12,17,No,3,Bachelor,36-45,Meduim Salary,Long-Term,Low
391,520,2,6,2,3,2,1,43,12,4,2,No,1,1,982,59,4345,14336,11,1,2,3,3,3,25,3,25,10,3,9,No,3,Bachelor,36-45,High Salary,Long-Term,Medium
443,592,3,8,4,1,2,3,36,10,3,3,No,1,0,635,32,15318,9980,14,2,4,4,3,2,10,3,10,3,9,7,No,4,Master,36-45,High Salary,Experienced,Very High
452,605,2,5,4,3,2,2,42,24,3,3,Yes,1,1,319,56,6950,7406,21,4,1,4,4,2,10,5,10,9,5,8,No,3,Bachelor,36-45,High Salary,Experienced,Low
468,626,3,8,4,1,2,1,37,9,3,3,No,1,1,142,69,24666,8834,13,1,2,4,3,3,9,6,9,5,7,7,No,4,Master,36-45,High Salary,Experienced,Medium
478,644,1,4,4,2,2,2,50,3,5,3,No,1,1,1246,99,7999,18200,11,1,2,3,3,3,32,2,32,5,10,7,No,3,Bachelor,46-55,Very High Salary,Long-Term,Medium
489,659,2,1,2,3,1,2,42,2,2,3,No,1,2,622,81,5718,4089,13,3,4,2,3,3,10,4,10,2,2,2,No,4,Master,36-45,Meduim Salary,Experienced,Very High
507,689,2,5,5,3,2,2,37,3,3,3,No,1,1,482,36,9606,9434,15,3,3,3,3,3,10,2,10,7,7,8,No,3,Bachelor,36-45,High Salary,Experienced,High
524,716,2,3,4,3,2,2,50,28,1,4,Yes,1,3,1207,74,3297,3221,11,4,3,3,3,3,20,3,20,8,3,8,No,1,Below College,46-55,Meduim Salary,Long-Term,High
527,721,2,1,6,3,1,3,39,2,2,2,No,1,0,408,80,20978,4553,11,4,3,1,3,3,20,4,20,7,11,10,No,4,Master,36-45,Meduim Salary,Long-Term,High
539,734,1,4,1,3,2,2,41,1,5,2,No,1,1,314,59,19562,19189,12,4,3,2,3,3,22,3,22,7,2,10,No,3,Bachelor,36-45,Very High Salary,Long-Term,High
583,807,2,1,4,2,1,2,40,2,2,4,No,1,1,791,38,9931,4244,24,3,2,4,4,3,8,2,8,7,3,7,No,2,College,36-45,Meduim Salary,Experienced,Medium
585,809,2,4,2,2,2,1,42,8,5,3,No,1,1,570,66,16225,18430,13,2,4,2,3,2,24,4,24,7,14,9,No,3,Bachelor,36-45,Very High Salary,Long-Term,Very High
593,820,2,4,5,3,1,2,47,2,4,3,Yes,1,1,202,33,12982,16752,11,3,4,3,3,2,26,3,26,14,3,0,No,2,College,46-55,Very High Salary,Long-Term,Very High
605,836,2,5,2,3,2,2,42,29,2,3,No,1,1,933,98,11806,4434,13,2,2,4,3,2,10,3,9,8,7,8,No,3,Bachelor,36-45,Meduim Salary,Experienced,Medium
622,857,3,8,2,3,2,2,36,1,2,3,Yes,1,1,928,56,2823,6201,14,2,4,4,3,2,18,1,18,14,4,11,No,2,College,36-45,Meduim Salary,Long-Term,Very High
654,905,2,4,2,1,2,1,50,2,4,3,No,1,1,881,98,4544,17924,11,1,1,4,3,3,31,3,31,6,14,7,No,4,Master,46-55,Very High Salary,Long-Term,Low
659,913,2,7,2,3,2,2,44,9,1,3,Yes,1,0,661,61,7508,2559,13,2,1,4,3,3,8,0,8,7,7,1,No,2,College,36-45,Low Salary,Experienced,Low
682,950,2,6,6,3,1,2,38,1,3,3,No,1,1,1333,80,16292,13582,13,4,1,2,3,3,15,3,15,12,5,11,No,3,Bachelor,36-45,High Salary,Long-Term,Low
708,987,2,5,4,2,2,1,47,16,2,4,Yes,1,0,1379,64,6759,5067,19,3,3,3,3,4,20,3,19,10,2,7,No,4,Master,46-55,Meduim Salary,Long-Term,High
725,1009,2,5,4,3,1,1,24,17,2,2,No,1,2,1206,41,24117,4377,15,4,3,2,3,3,5,6,4,2,3,2,No,1,Below College,18-25,Meduim Salary,Early Career,High
739,1026,2,5,2,3,1,2,39,1,4,2,No,1,1,466,65,7060,12742,16,4,4,3,3,3,21,3,21,6,11,8,No,1,Below College,36-45,High Salary,Long-Term,Very High
747,1035,2,6,2,1,1,1,41,7,5,1,No,1,2,247,55,20284,19973,22,2,3,2,4,3,21,3,21,16,5,10,No,1,Below College,36-45,Very High Salary,Long-Term,High
754,1043,2,5,4,2,1,3,39,22,3,3,Yes,1,0,945,82,5083,10880,13,4,1,3,3,3,21,2,21,6,2,8,No,3,Bachelor,36-45,High Salary,Long-Term,Low
769,1066,3,8,3,3,2,2,40,26,2,3,No,1,1,300,74,22217,8396,14,3,1,2,3,2,8,3,7,7,7,5,No,3,Bachelor,36-45,High Salary,Experienced,Low
806,1117,3,8,2,1,1,2,45,9,2,2,No,1,1,1050,65,17970,5593,13,2,3,4,3,3,15,2,15,10,4,12,No,4,Master,36-45,Meduim Salary,Long-Term,High
815,1128,2,6,4,3,2,3,40,14,5,2,No,1,0,1308,44,17544,19626,14,3,3,1,3,4,21,2,20,7,4,9,No,3,Bachelor,36-45,Very High Salary,Long-Term,High
816,1131,2,7,6,3,1,3,21,1,1,2,Yes,1,0,984,70,25326,2070,11,4,2,3,3,4,2,6,2,2,2,2,No,1,Below College,18-25,Low Salary,New Employee,Medium
827,1152,1,2,1,3,2,2,38,1,1,4,No,1,1,433,37,6004,2844,13,3,3,4,3,4,7,2,7,6,5,0,No,3,Bachelor,36-45,Low Salary,Experienced,High
856,1196,2,5,2,3,1,2,37,1,2,2,No,1,1,977,56,9961,6474,13,4,4,2,3,2,14,2,14,8,3,11,No,3,Bachelor,36-45,Meduim Salary,Long-Term,Very High
876,1225,2,7,5,3,2,3,44,29,2,3,No,1,0,200,32,7744,4541,25,4,4,2,4,3,20,3,20,11,13,17,No,4,Master,36-45,Meduim Salary,Long-Term,Very High
877,1226,3,9,3,3,2,3,20,21,1,4,No,1,0,654,43,5050,2678,17,3,4,4,3,3,2,2,2,1,2,2,No,3,Bachelor,18-25,Low Salary,New Employee,Very High
892,1246,2,7,2,3,1,2,44,2,1,4,No,1,1,1117,72,19982,2011,13,1,4,4,3,3,10,5,10,5,7,7,No,1,Below College,36-45,Low Salary,Experienced,Very High
915,1278,2,1,4,1,2,1,55,8,4,2,Yes,1,1,177,37,25592,13577,15,4,2,4,3,3,34,3,33,9,15,0,No,1,Below College,46-55,High Salary,Long-Term,Medium
923,1288,2,4,2,3,2,1,44,4,5,4,No,1,2,1199,92,17477,19190,14,3,1,4,3,2,26,4,25,9,14,13,No,2,College,36-45,Very High Salary,Long-Term,Low
935,1303,2,7,4,3,1,3,25,1,1,3,No,1,0,266,40,18830,2096,18,4,2,4,3,2,2,3,2,2,2,1,No,3,Bachelor,18-25,Low Salary,New Employee,Medium
939,1308,2,7,2,3,2,1,58,23,1,3,No,1,2,848,88,26076,2372,12,1,3,4,3,3,2,3,2,2,2,2,No,4,Master,56+,Low Salary,New Employee,High
952,1329,3,8,4,1,2,3,41,10,2,1,No,1,0,256,40,22074,6151,13,3,2,1,3,3,19,4,19,2,11,9,No,2,College,36-45,Meduim Salary,Long-Term,Medium
960,1346,2,7,2,3,2,3,40,2,2,3,No,1,0,523,98,22455,4661,13,3,4,3,3,3,9,4,9,8,8,8,No,3,Bachelor,36-45,Meduim Salary,Experienced,Very High
1051,1480,2,3,4,2,1,3,42,9,1,3,No,1,0,748,74,16458,3673,13,1,4,3,3,3,12,3,12,9,5,8,No,2,College,36-45,Meduim Salary,Long-Term,Very High
1087,1539,2,6,4,2,2,3,50,22,4,1,Yes,1,0,333,88,24450,14411,13,3,4,4,3,3,32,2,32,6,13,9,No,5,Doctor,46-55,High Salary,Long-Term,Very High
1090,1543,2,7,4,3,2,2,37,13,2,3,No,1,0,674,47,3031,4285,17,1,4,1,3,3,10,2,10,8,3,7,No,3,Bachelor,36-45,Meduim Salary,Experienced,Very High
1097,1550,1,4,4,3,2,3,40,6,4,3,Yes,1,0,898,38,17381,16437,21,3,4,4,4,3,21,2,21,7,7,7,No,2,College,36-45,Very High Salary,Long-Term,Very High
1100,1553,2,1,6,3,2,1,45,1,3,3,No,1,3,538,66,20933,7441,12,1,2,1,3,3,10,4,10,8,7,7,No,4,Master,36-45,High Salary,Experienced,Medium
1117,1578,3,4,3,3,2,2,55,26,5,2,No,1,1,685,60,23037,19586,21,3,4,3,4,3,36,3,36,6,2,13,No,5,Doctor,46-55,Very High Salary,Long-Term,Very High
1144,1612,3,8,3,1,2,2,45,26,2,2,No,1,1,336,52,24162,4385,15,1,1,1,3,3,10,2,10,7,4,5,No,3,Bachelor,36-45,Meduim Salary,Experienced,Low
1153,1623,2,7,4,3,2,3,21,5,1,3,No,1,0,546,97,26009,3117,18,3,4,3,3,3,3,2,2,2,2,2,No,1,Below College,18-25,Meduim Salary,New Employee,Very High
1157,1628,2,5,2,3,1,2,40,15,3,2,No,1,2,884,80,25800,10435,13,1,3,4,3,3,18,2,18,15,14,12,No,3,Bachelor,36-45,High Salary,Long-Term,High
1161,1635,2,5,5,3,1,1,45,2,2,2,No,1,2,1329,59,5388,5770,19,4,4,1,3,3,10,3,10,7,3,9,No,2,College,36-45,Meduim Salary,Experienced,Very High
1164,1640,2,7,4,3,1,2,37,10,1,3,No,1,1,1470,71,9953,3936,11,2,2,1,3,1,8,2,8,4,7,7,No,3,Bachelor,36-45,Meduim Salary,Experienced,Medium
1179,1657,3,9,4,3,1,3,20,2,1,3,No,1,0,1141,31,13251,2783,19,3,3,1,3,3,2,3,2,2,2,2,No,3,Bachelor,18-25,Low Salary,New Employee,High
1186,1666,2,6,2,3,2,2,43,15,4,2,No,1,1,1291,65,3525,17603,24,3,3,1,4,3,14,3,14,10,6,11,No,2,College,36-45,Very High Salary,Long-Term,High
1194,1675,2,3,4,2,1,3,38,2,1,2,No,1,0,148,42,23826,2440,22,4,2,2,4,3,4,3,4,3,3,3,No,3,Bachelor,36-45,Low Salary,Early Career,Medium
1215,1703,2,1,2,3,1,2,44,2,3,4,Yes,1,1,921,96,14810,7879,19,3,4,2,3,3,9,2,8,7,6,7,No,3,Bachelor,36-45,High Salary,Experienced,Very High
1217,1706,3,8,4,3,2,2,43,2,2,3,Yes,1,1,1179,73,6069,7847,17,4,4,1,3,3,10,3,10,9,8,8,No,3,Bachelor,36-45,High Salary,Experienced,Very High
1219,1708,3,8,3,3,2,3,41,6,3,3,No,1,0,918,35,15869,9241,12,4,3,2,3,3,10,3,10,8,8,7,No,3,Bachelor,36-45,High Salary,Experienced,High
1226,1719,2,6,6,3,1,3,45,28,4,2,No,1,0,1005,48,17119,16704,11,4,2,3,3,3,21,2,21,6,8,6,No,2,College,36-45,Very High Salary,Long-Term,Medium
1241,1737,2,3,2,1,2,2,39,1,2,3,Yes,1,1,792,77,8989,6472,15,4,4,4,3,3,9,2,9,8,5,8,No,3,Bachelor,36-45,Meduim Salary,Experienced,Very High
1243,1740,3,4,4,3,2,3,40,7,5,3,No,1,0,611,88,4349,19833,14,2,2,2,3,2,21,3,21,8,12,8,No,4,Master,36-45,Very High Salary,Long-Term,Medium
1317,1849,3,8,2,2,2,2,43,2,2,3,No,1,1,1422,92,19246,5675,20,1,4,3,4,3,7,5,7,7,7,7,No,4,Master,36-45,Meduim Salary,Experienced,Very High
1373,1936,2,5,4,3,2,2,39,9,2,3,No,1,1,867,87,12315,5151,25,1,1,4,4,3,10,3,10,0,7,9,No,2,College,36-45,Meduim Salary,Experienced,Low
1405,1976,2,7,2,1,2,3,42,23,2,2,No,1,0,335,37,14811,4332,12,4,3,4,3,3,20,2,20,9,3,7,No,2,College,36-45,Meduim Salary,Long-Term,High
1410,1985,2,3,6,2,1,2,40,11,2,3,No,1,1,692,73,26849,6323,11,4,3,1,3,4,10,2,10,9,9,4,No,3,Bachelor,36-45,Meduim Salary,Experienced,High
1433,2017,2,6,2,3,1,2,37,10,3,4,Yes,1,1,161,42,15471,13744,25,3,4,1,4,3,16,2,16,11,6,8,No,3,Bachelor,36-45,High Salary,Long-Term,Very High
1448,2036,3,8,3,1,2,1,36,15,2,1,No,1,1,301,88,10436,5406,24,4,4,1,4,2,15,4,15,12,11,11,No,4,Master,36-45,Meduim Salary,Long-Term,Very High
46,58,2,6,6,3,1,2,41,12,5,3,No,1,0,1360,49,16280,19545,12,2,3,4,3,3,23,0,22,15,15,8,Yes,3,Bachelor,36-45,Very High Salary,Long-Term,High
90,118,3,8,4,3,2,3,46,9,3,2,No,1,0,669,64,13596,9619,16,3,4,4,3,3,9,3,9,8,4,7,Yes,2,College,46-55,High Salary,Experienced,Very High
127,165,2,1,4,3,1,2,58,23,3,3,No,1,1,147,94,3465,10312,12,4,4,4,3,2,40,3,40,10,15,6,Yes,4,Master,56+,High Salary,Long-Term,Very High
272,376,2,4,2,1,2,2,47,29,3,3,Yes,1,1,666,88,10268,11849,12,1,2,4,3,2,10,2,10,7,9,9,Yes,4,Master,46-55,High Salary,Experienced,Medium
367,488,3,8,3,2,2,3,41,4,2,3,No,1,0,143,56,9558,9355,18,1,2,3,3,3,8,5,8,7,7,7,Yes,3,Bachelor,36-45,High Salary,Experienced,Medium
608,840,3,8,3,3,1,2,49,11,3,3,No,1,2,1184,43,5860,7654,18,3,4,1,3,4,9,3,9,8,7,7,Yes,3,Bachelor,46-55,High Salary,Experienced,Very High
694,967,3,8,2,3,2,2,36,3,3,2,Yes,1,1,530,51,5518,10325,11,3,4,1,3,3,16,6,16,7,3,7,Yes,1,Below College,36-45,High Salary,Long-Term,Very High
750,1038,3,4,3,3,1,2,52,2,5,1,No,1,1,266,57,25846,19845,15,1,4,4,3,3,33,3,32,14,6,9,Yes,1,Below College,46-55,Very High Salary,Long-Term,Very High
753,1042,2,3,2,3,1,3,36,16,1,4,No,1,0,885,43,8269,2743,16,3,1,3,3,3,18,1,17,13,15,14,Yes,4,Master,36-45,Low Salary,Long-Term,Low
797,1106,2,3,6,3,2,2,25,4,1,3,Yes,1,1,1219,32,4605,3691,15,4,4,2,3,4,7,3,7,7,5,6,Yes,1,Below College,18-25,Meduim Salary,Experienced,Very High
916,1279,2,3,2,2,1,3,21,10,1,2,No,1,0,251,45,25308,2625,20,1,3,3,4,1,2,2,2,2,2,2,Yes,2,College,18-25,Low Salary,New Employee,High
1280,1792,2,7,4,2,2,1,44,1,1,3,Yes,1,3,429,99,11092,2342,12,3,2,3,3,2,6,2,5,3,2,3,Yes,2,College,36-45,Low Salary,Early Career,Medium
27,33,2,7,2,2,1,3,32,16,1,1,Yes,1,0,1125,72,4681,3919,22,2,1,2,4,3,10,5,10,2,6,7,Yes,1,Below College,26-35,Meduim Salary,Experienced,Low
45,57,2,3,4,2,1,3,30,1,2,3,No,1,0,721,58,10781,4011,23,3,4,4,4,3,12,2,12,8,3,7,No,2,College,26-35,Meduim Salary,Long-Term,Very High
61,78,2,5,4,3,2,2,32,1,2,3,Yes,1,1,427,33,10877,6162,22,1,4,2,4,3,9,3,9,8,7,8,No,3,Bachelor,26-35,Meduim Salary,Experienced,Very High
135,177,1,2,2,3,1,2,26,25,1,3,No,1,1,1355,61,8916,2942,23,3,3,4,4,3,8,3,8,7,5,7,No,1,Below College,26-35,Low Salary,Experienced,High
212,292,2,5,2,1,2,3,30,1,3,2,No,1,0,829,88,20925,8474,22,3,3,3,4,3,12,2,11,8,5,8,No,1,Below College,26-35,High Salary,Long-Term,High
326,442,2,5,2,2,1,2,31,7,3,2,No,1,1,798,48,14034,8943,24,3,3,1,4,3,10,2,10,9,8,9,No,2,College,26-35,High Salary,Experienced,High
613,846,3,8,3,3,1,2,28,2,2,3,Yes,1,0,760,81,3698,4779,20,2,2,1,4,3,8,2,8,7,7,5,No,4,Master,26-35,Meduim Salary,Experienced,Medium
636,880,2,5,2,3,1,2,35,9,3,2,Yes,1,1,607,66,23457,10685,20,4,3,2,4,3,17,2,17,14,5,15,No,3,Bachelor,26-35,High Salary,Long-Term,High
793,1101,2,7,4,2,1,3,33,29,2,2,No,1,0,827,54,3129,4508,22,1,3,2,4,3,14,4,13,7,3,8,Yes,4,Master,26-35,Meduim Salary,Long-Term,High
881,1234,2,3,5,2,1,2,32,13,1,2,No,1,1,116,77,7331,2743,20,3,2,3,4,3,2,2,2,2,2,2,No,3,Bachelor,26-35,Low Salary,New Employee,Medium
913,1275,2,7,2,3,2,3,26,4,1,3,Yes,1,0,583,53,9973,2875,20,3,4,2,4,2,8,2,8,5,2,2,No,2,College,26-35,Low Salary,Experienced,Very High
1207,1693,2,3,4,1,2,3,26,7,1,3,No,1,0,786,76,11925,2570,20,4,4,3,4,3,7,5,7,7,5,7,No,3,Bachelor,26-35,Low Salary,Experienced,Very High
1301,1823,3,8,6,3,2,2,34,8,2,4,No,1,2,810,92,22128,6799,21,2,3,3,4,3,10,5,10,8,4,8,No,2,College,26-35,Meduim Salary,Experienced,High
1329,1864,3,9,4,3,1,2,27,23,2,2,No,1,1,728,36,7018,3540,21,2,3,4,4,3,9,5,9,8,5,8,No,1,Below College,26-35,Meduim Salary,Experienced,High
1354,1905,2,7,6,1,2,2,34,16,1,1,Yes,1,1,967,85,14460,2307,23,4,1,2,4,3,5,2,5,2,3,0,Yes,4,Master,26-35,Low Salary,Early Career,Low
1385,1950,3,8,3,3,2,3,34,1,3,3,No,1,0,937,32,6770,9888,21,1,4,1,4,2,14,3,14,8,2,1,No,3,Bachelor,26-35,High Salary,Long-Term,Very High
1390,1956,2,7,2,2,2,2,31,1,2,1,No,1,0,1125,48,5771,5003,21,4,1,2,4,3,10,6,10,8,8,7,No,3,Bachelor,26-35,Meduim Salary,Experienced,Low
1399,1970,2,1,2,2,2,1,33,7,2,3,No,1,3,1303,36,18079,5968,20,4,3,3,4,3,9,2,9,7,2,8,No,2,College,26-35,Meduim Salary,Experienced,High
4,5,2,7,2,2,1,2,33,3,1,3,Yes,1,0,1392,56,23159,2909,11,4,3,3,3,3,8,3,8,7,3,0,No,4,Master,26-35,Low Salary,Experienced,High
13,16,2,7,2,3,2,1,31,26,1,3,No,1,1,670,31,15170,2911,17,1,3,4,3,2,5,1,5,2,4,3,No,1,Below College,26-35,Low Salary,Early Career,High
16,20,2,5,2,3,1,1,29,21,3,4,No,1,1,1389,51,10195,9980,11,2,1,3,3,3,10,1,10,9,8,8,No,4,Master,26-35,High Salary,Experienced,Low
38,49,3,9,3,3,1,2,35,2,1,3,No,1,0,890,97,9687,2014,13,4,4,1,3,3,2,3,2,2,2,2,No,3,Bachelor,26-35,Low Salary,New Employee,Very High
52,65,2,3,6,3,2,3,28,5,1,3,Yes,1,0,1434,50,11179,3441,13,3,3,3,3,2,2,3,2,2,2,2,Yes,4,Master,26-35,Meduim Salary,New Employee,High
56,73,2,6,2,2,1,3,33,1,3,3,Yes,1,0,515,98,15146,13458,12,1,4,3,3,3,15,1,15,14,8,12,No,2,College,26-35,High Salary,Long-Term,Very High
81,104,2,3,2,3,2,2,30,1,2,2,Yes,1,2,852,55,15998,5126,12,4,4,3,3,2,10,1,10,8,3,0,No,1,Below College,26-35,Meduim Salary,Experienced,Very High
89,117,2,1,2,3,2,2,30,2,2,2,No,1,3,288,99,15830,4152,19,3,4,1,3,3,11,3,11,10,10,8,No,3,Bachelor,26-35,Meduim Salary,Long-Term,Very High
93,121,3,8,4,3,1,1,30,4,2,2,Yes,1,3,1334,63,19760,5209,12,3,2,2,3,2,11,4,11,8,2,7,No,2,College,26-35,Meduim Salary,Long-Term,Medium
95,125,3,8,4,3,2,3,32,6,2,3,No,1,0,1093,87,24301,5010,16,2,3,1,3,3,12,0,11,8,5,7,No,4,Master,26-35,Meduim Salary,Long-Term,High
104,138,2,7,5,3,1,3,34,6,2,3,No,1,0,665,41,12482,4809,14,1,3,3,3,3,16,3,16,13,2,10,No,4,Master,26-35,Meduim Salary,Long-Term,High
126,164,2,7,5,3,1,2,26,6,1,2,No,1,0,841,46,23300,2368,19,3,2,3,3,2,5,3,5,4,4,3,No,3,Bachelor,26-35,Low Salary,Early Career,Medium
155,207,3,8,3,2,1,3,32,8,3,3,No,1,0,967,43,15589,8998,14,2,4,4,3,3,9,2,9,8,3,7,No,3,Bachelor,26-35,High Salary,Experienced,Very High
174,239,2,3,4,1,2,1,30,9,2,3,No,1,2,111,66,11012,3072,11,3,1,3,3,3,12,4,12,9,6,10,No,3,Bachelor,26-35,Meduim Salary,Long-Term,Low
203,277,2,7,4,2,2,1,34,10,1,3,Yes,1,1,878,43,5972,3815,17,4,3,4,3,4,5,4,5,3,2,0,No,4,Master,26-35,Meduim Salary,Early Career,High
211,291,3,8,4,3,2,2,32,4,3,1,No,1,0,1045,32,25812,10400,11,4,4,3,3,2,14,2,14,8,9,8,Yes,4,Master,26-35,High Salary,Long-Term,Very High
228,312,3,8,4,2,1,2,29,1,3,3,No,1,1,1413,42,6599,7918,14,2,4,4,3,3,11,5,11,10,4,1,No,1,Below College,26-35,High Salary,Long-Term,Very High
285,390,2,1,4,2,2,2,26,11,2,3,Yes,1,1,496,60,22722,4741,13,1,1,3,3,3,5,3,5,3,3,3,No,2,College,26-35,Meduim Salary,Early Career,Low
293,399,3,9,3,2,1,1,31,5,1,3,No,1,1,444,84,3909,2789,11,4,2,3,3,2,2,5,2,2,2,2,No,3,Bachelor,26-35,Low Salary,New Employee,Medium
294,401,3,8,3,3,2,3,26,4,2,2,Yes,1,0,950,48,8450,5828,12,4,4,2,3,3,8,0,8,7,7,4,Yes,4,Master,26-35,Meduim Salary,Experienced,Very High
307,420,3,8,2,3,2,2,32,7,2,2,No,1,1,906,91,16985,5484,14,4,3,3,3,2,13,3,13,8,4,8,No,3,Bachelor,26-35,Meduim Salary,Long-Term,High
320,436,3,8,6,3,1,2,32,8,2,2,Yes,1,0,588,65,24624,5228,11,3,2,4,3,3,13,2,13,12,11,9,No,2,College,26-35,Meduim Salary,Long-Term,Medium
343,462,2,5,4,3,1,3,31,7,3,3,Yes,1,0,1232,39,25713,7143,14,3,4,3,3,2,11,2,11,9,4,10,No,4,Master,26-35,High Salary,Long-Term,Very High
356,476,3,8,2,3,2,2,26,1,2,3,No,1,1,933,57,20156,5296,17,3,3,2,3,3,8,3,8,7,7,7,No,3,Bachelor,26-35,Meduim Salary,Experienced,High
395,524,2,5,4,3,1,2,31,7,2,3,No,1,1,480,31,4156,4306,12,2,1,2,3,1,13,5,13,10,3,12,No,2,College,26-35,Meduim Salary,Long-Term,Low
400,530,2,3,2,3,2,2,31,1,1,2,No,1,1,329,98,16193,2218,12,4,1,3,3,3,4,3,4,2,3,2,No,2,College,26-35,Low Salary,Early Career,Low
463,621,3,8,2,3,2,3,34,21,2,4,No,1,0,258,74,19921,5337,12,4,4,4,3,3,10,3,10,7,5,7,No,4,Master,26-35,Meduim Salary,Experienced,Very High
504,683,2,7,2,3,2,2,34,1,1,3,No,1,1,1397,42,7660,2691,12,2,4,4,3,2,10,4,10,9,8,8,No,5,Doctor,26-35,Low Salary,Experienced,Very High
509,691,2,7,2,3,2,3,35,6,2,1,No,1,0,1017,82,19368,6646,13,2,4,2,3,3,17,3,17,11,11,8,No,4,Master,26-35,Meduim Salary,Long-Term,Very High
515,702,2,7,2,2,2,3,33,3,1,3,Yes,1,0,1076,70,3164,3348,11,1,1,1,3,3,10,3,10,8,9,7,Yes,3,Bachelor,26-35,Meduim Salary,Experienced,Low
520,710,2,7,2,2,2,1,29,1,1,1,No,1,1,806,76,18959,2720,18,2,4,4,3,3,10,5,10,7,2,8,No,4,Master,26-35,Low Salary,Experienced,Very High
525,717,2,1,4,3,1,3,34,9,3,2,No,1,0,1442,46,17654,8621,14,4,2,2,3,4,9,3,8,7,7,7,No,3,Bachelor,26-35,High Salary,Experienced,Medium
556,766,3,9,3,3,2,1,29,10,1,3,No,1,2,1090,83,17967,2297,14,4,2,4,3,3,2,2,2,2,2,2,No,3,Bachelor,26-35,Low Salary,New Employee,Medium
559,772,2,3,2,2,2,2,32,24,2,3,No,1,2,430,80,21146,5309,15,1,4,4,3,3,10,2,10,8,4,7,No,4,Master,26-35,Meduim Salary,Experienced,Very High
563,780,2,7,5,3,2,3,33,1,1,3,Yes,1,0,527,63,5207,2686,13,4,4,3,3,2,10,2,10,9,7,8,Yes,4,Master,26-35,Low Salary,Experienced,Very High
601,830,2,5,2,3,1,2,32,4,2,2,No,1,1,859,98,19124,6162,12,3,3,3,3,3,14,3,14,13,6,8,No,3,Bachelor,26-35,Meduim Salary,Long-Term,High
637,881,2,7,2,2,1,1,35,25,1,3,Yes,1,1,130,96,16612,2022,19,4,2,1,3,2,10,3,10,2,7,8,Yes,4,Master,26-35,Low Salary,Experienced,Medium
642,889,3,8,2,2,2,2,32,5,2,3,No,1,1,379,48,8891,6524,14,2,2,4,3,3,10,3,10,8,5,3,No,2,College,26-35,Meduim Salary,Experienced,Medium
693,966,2,5,4,3,1,2,32,3,2,3,No,1,1,498,93,13554,6725,12,3,1,3,3,4,8,2,8,7,6,3,No,4,Master,26-35,Meduim Salary,Experienced,Low
711,992,3,4,2,1,2,3,33,17,4,3,No,1,0,722,38,20489,17444,11,4,3,4,3,3,10,2,10,8,6,0,No,3,Bachelor,26-35,Very High Salary,Experienced,High
730,1014,2,1,4,3,1,1,35,25,3,3,Yes,1,1,583,57,6975,10388,11,3,3,3,3,2,16,3,16,10,10,1,No,4,Master,26-35,High Salary,Long-Term,High
794,1102,2,3,2,3,2,1,28,15,1,3,No,1,1,895,50,22482,2207,16,1,3,4,3,2,4,5,4,2,2,2,No,2,College,26-35,Low Salary,Early Career,High
832,1160,2,3,4,2,2,2,31,15,1,3,No,1,1,874,72,6233,2610,12,3,3,3,3,2,2,5,2,2,2,2,Yes,3,Bachelor,26-35,Low Salary,New Employee,High
834,1162,2,7,2,3,2,2,27,6,1,2,No,1,1,199,55,7950,2539,13,4,3,3,3,3,4,0,4,2,2,2,No,3,Bachelor,26-35,Low Salary,Early Career,High
837,1165,3,8,2,3,1,2,29,23,3,2,No,1,1,408,45,11162,7336,13,4,1,1,3,1,11,3,11,8,3,10,Yes,1,Below College,26-35,High Salary,Long-Term,Low
849,1185,2,3,5,2,2,2,35,4,1,2,No,1,1,636,47,26537,2376,13,4,4,2,3,4,2,2,2,2,2,2,No,4,Master,26-35,Low Salary,New Employee,Very High
869,1216,2,3,4,3,2,2,28,19,1,2,No,1,3,1179,78,12449,3196,12,4,1,3,3,3,6,2,6,5,3,3,No,4,Master,26-35,Meduim Salary,Experienced,Low
875,1224,2,3,2,3,2,1,30,7,2,3,No,1,3,853,49,11309,3491,13,3,3,1,3,2,10,4,10,7,8,9,No,4,Master,26-35,Meduim Salary,Experienced,High
890,1244,2,7,2,3,2,2,27,14,1,3,Yes,1,2,1103,42,14377,2235,14,1,1,4,3,2,9,3,9,7,6,8,No,3,Bachelor,26-35,Low Salary,Experienced,Low
930,1296,2,3,2,2,2,2,28,2,1,2,Yes,1,1,193,52,14222,3867,12,4,4,2,3,3,2,2,2,2,2,2,No,3,Bachelor,26-35,Meduim Salary,New Employee,Very High
951,1324,3,8,2,1,1,1,31,2,3,3,Yes,1,1,587,57,8935,9852,19,4,3,1,3,2,10,5,10,8,9,6,No,4,Master,26-35,High Salary,Experienced,High
953,1331,3,9,2,2,1,3,31,1,1,3,Yes,1,0,1060,54,8319,2302,11,4,2,1,3,4,3,2,3,2,2,2,Yes,3,Bachelor,26-35,Low Salary,Early Career,Medium
965,1356,3,8,4,3,1,3,34,15,2,3,No,1,0,507,66,23553,6125,12,3,1,4,3,4,10,6,10,8,9,6,No,2,College,26-35,Meduim Salary,Experienced,Low
984,1383,2,1,6,3,1,3,34,2,2,3,No,1,0,404,98,6163,6687,11,3,4,4,3,4,14,2,14,11,4,11,No,4,Master,26-35,Meduim Salary,Long-Term,Very High
986,1389,2,5,4,3,2,2,31,22,2,3,Yes,1,2,330,98,21057,6179,15,4,3,4,3,2,10,3,10,2,6,7,Yes,4,Master,26-35,Meduim Salary,Experienced,High
997,1403,3,8,3,3,1,2,27,10,2,2,Yes,1,0,205,98,7100,5769,11,4,4,4,3,3,6,3,6,2,4,4,No,3,Bachelor,26-35,Meduim Salary,Experienced,Very High
998,1405,2,7,2,3,1,3,27,17,1,3,Yes,1,0,135,51,25681,2394,13,4,3,4,3,3,8,2,8,2,7,7,Yes,4,Master,26-35,Low Salary,Experienced,High
1031,1453,3,8,2,3,2,1,31,8,3,3,No,1,1,326,31,8386,10793,18,1,4,1,3,3,13,5,13,7,9,9,No,2,College,26-35,High Salary,Long-Term,Very High
1034,1459,2,5,2,2,1,3,31,1,3,4,No,1,0,1445,100,8931,7446,11,3,2,1,3,3,10,2,10,8,4,7,Yes,5,Doctor,26-35,High Salary,Experienced,Medium
1040,1467,1,2,6,3,1,2,34,9,1,3,No,1,0,1107,52,3072,2742,15,1,3,4,3,3,2,0,2,2,2,2,Yes,4,Master,26-35,Low Salary,New Employee,High
1082,1529,2,1,2,3,1,3,35,16,3,2,No,1,0,1029,91,21195,8606,19,4,2,4,3,1,11,3,11,8,3,3,No,3,Bachelor,26-35,High Salary,Long-Term,Medium
1085,1535,3,8,6,3,2,2,34,1,3,2,Yes,1,0,971,64,12288,7083,14,4,3,4,3,3,10,3,10,9,8,6,No,3,Bachelor,26-35,High Salary,Experienced,High
1086,1537,2,7,2,2,1,3,31,3,1,3,No,1,0,561,33,4156,4084,12,4,3,1,3,1,7,2,7,2,7,7,Yes,3,Bachelor,26-35,Meduim Salary,Experienced,High
1096,1549,2,3,2,3,2,2,33,28,2,3,Yes,1,1,589,79,22949,5207,12,2,3,2,3,3,15,3,15,14,5,7,No,4,Master,26-35,Meduim Salary,Long-Term,High
1107,1562,3,8,2,3,2,2,30,1,2,2,No,1,1,740,64,5323,9714,11,2,1,4,3,3,10,4,10,8,6,7,Yes,3,Bachelor,26-35,High Salary,Experienced,Low
1131,1596,2,3,2,3,2,2,35,28,2,4,No,1,2,750,46,25348,3407,17,2,3,4,3,2,10,3,10,9,6,8,No,3,Bachelor,26-35,Meduim Salary,Experienced,High
1132,1597,2,1,6,2,2,2,34,10,2,2,No,1,1,653,92,15332,5063,14,4,3,2,3,2,8,3,8,2,7,7,No,4,Master,26-35,Meduim Salary,Experienced,High
1147,1615,2,5,2,2,2,1,34,10,2,4,No,1,1,426,42,17000,4724,13,3,4,1,3,3,9,3,9,7,7,2,No,4,Master,26-35,Meduim Salary,Experienced,Very High
1158,1630,2,1,2,1,1,2,35,8,2,3,No,1,1,208,52,12250,4148,12,3,3,4,3,3,15,5,14,11,2,9,No,4,Master,26-35,Meduim Salary,Long-Term,High
1180,1658,2,7,2,3,1,1,34,3,2,3,No,1,1,1130,66,19332,5433,12,4,2,3,3,3,11,2,11,8,7,9,No,3,Bachelor,26-35,Meduim Salary,Long-Term,Medium
1209,1696,2,3,4,3,2,2,34,5,2,2,No,1,1,1157,57,11912,3986,14,2,4,3,3,4,15,3,15,10,4,13,No,2,College,26-35,Meduim Salary,Long-Term,Very High
1211,1698,2,3,4,3,2,2,33,21,1,4,No,1,3,267,79,13637,2028,18,2,2,4,3,3,14,6,14,11,2,13,No,3,Bachelor,26-35,Low Salary,Long-Term,Medium
1213,1701,2,7,2,3,1,2,34,19,1,2,No,1,0,678,35,20338,2929,12,2,4,2,3,3,10,3,10,9,8,7,No,3,Bachelor,26-35,Low Salary,Experienced,Very High
1250,1752,3,9,3,3,1,3,29,9,1,1,No,1,0,428,52,14630,2760,13,2,2,3,3,3,2,3,2,2,2,2,Yes,3,Bachelor,26-35,Low Salary,New Employee,Medium
1275,1784,3,8,3,3,1,2,31,29,2,2,No,1,2,196,91,13402,5468,14,1,4,1,3,3,13,3,12,7,5,7,No,4,Master,26-35,Meduim Salary,Long-Term,Very High
1282,1797,3,8,2,3,2,3,35,27,2,3,Yes,1,0,303,84,13492,5813,18,3,4,4,3,3,10,2,10,7,7,7,Yes,3,Bachelor,26-35,Meduim Salary,Experienced,Very High
1319,1852,2,3,4,2,2,2,29,20,1,3,No,1,0,574,40,7003,3812,13,4,4,2,3,4,11,3,11,8,3,10,No,1,Below College,26-35,Meduim Salary,Long-Term,Very High
1324,1858,1,2,2,1,2,1,28,1,1,3,No,1,1,280,43,10494,2706,15,3,4,2,3,3,3,2,3,2,2,2,No,2,College,26-35,Low Salary,Early Career,Very High
1369,1932,2,7,5,2,2,2,34,22,2,2,Yes,1,0,735,86,26496,5747,15,3,4,2,3,3,16,3,15,10,6,11,No,4,Master,26-35,Meduim Salary,Long-Term,Very High
1383,1948,2,7,4,1,2,1,31,3,1,3,Yes,1,1,976,48,3995,3065,13,3,1,4,3,4,4,3,4,2,2,3,No,2,College,26-35,Meduim Salary,Early Career,Low
1427,2010,2,3,2,3,1,3,32,29,1,2,No,1,0,267,49,15919,2837,13,3,2,3,3,3,6,3,6,2,4,1,No,4,Master,26-35,Low Salary,Experienced,Medium
1432,2016,3,8,3,3,1,2,32,1,3,3,No,1,2,801,48,24032,10422,19,3,4,3,3,3,14,3,14,10,5,7,No,4,Master,26-35,High Salary,Long-Term,Very High
